position,variant_id,type,ref,alt,length,in_gene,impact,quality,filter
1047,VAR_00001,SNP,A,G,1,True,Synonymous,30.797403708782824,PASS
1270,VAR_00002,SNP,A,C,1,True,Synonymous,65.88904818453487,PASS
1861,VAR_00003,SNP,C,T,1,True,Missense,96.57321329933431,PASS
2168,VAR_00004,Insertion,-,A,1,False,Intergenic,31.181964908701676,PASS
2921,VAR_00005,SNP,G,T,1,True,Synonymous,35.05733213450249,PASS
8505,VAR_00006,SNP,T,A,1,True,Missense,69.25651025863803,PASS
17035,VAR_00007,SNP,C,G,1,True,Synonymous,49.77256060238899,PASS
18182,VAR_00008,Insertion,-,TTCT,4,True,Synonymous,90.17297830081702,PASS
19219,VAR_00009,SNP,G,A,1,True,Synonymous,35.98618747420677,PASS
25125,VAR_00010,SNP,T,C,1,False,Intergenic,91.55206537421427,PASS
37782,VAR_00011,SNP,G,T,1,True,Synonymous,66.12618888889958,PASS
42135,VAR_00012,SNP,A,T,1,True,Synonymous,37.46720807875639,PASS
45525,VAR_00013,SNP,G,T,1,True,Missense,57.200766216453616,PASS
53501,VAR_00014,SNP,A,G,1,True,Missense,77.70312930524875,PASS
62623,VAR_00015,SNP,T,C,1,True,Synonymous,34.76285524064809,PASS
64074,VAR_00016,Insertion,-,A,1,True,Synonymous,69.55622382134482,PASS
68042,VAR_00017,SNP,A,G,1,False,Intergenic,43.0566580288933,PASS
68207,VAR_00018,Deletion,GC,-,2,True,Synonymous,72.23530295144255,PASS
79043,VAR_00019,SNP,T,A,1,False,Intergenic,92.04908291360398,PASS
84050,VAR_00020,SNP,G,A,1,True,Synonymous,59.26462024761216,PASS
97116,VAR_00021,SNP,C,G,1,True,Synonymous,37.52104547477622,PASS
98932,VAR_00022,SNP,T,A,1,False,Intergenic,62.7062442148914,PASS
99801,VAR_00023,SNP,G,T,1,True,Nonsense,61.51355369141839,PASS
105045,VAR_00024,SNP,C,T,1,True,Missense,82.27732753161634,PASS
110363,VAR_00025,Insertion,-,CATT,4,True,Missense,40.69547822393908,PASS
112898,VAR_00026,SNP,A,T,1,False,Intergenic,45.39437367244898,PASS
116140,VAR_00027,Deletion,G,-,1,True,Synonymous,62.8948036027116,PASS
116374,VAR_00028,SNP,T,A,1,True,Synonymous,69.4346412512787,PASS
121668,VAR_00029,SNP,A,C,1,True,Synonymous,53.954756399446936,PASS
126072,VAR_00030,SNP,G,A,1,True,Missense,93.3596104885512,PASS
126701,VAR_00031,SNP,G,C,1,True,Synonymous,96.5284822726656,PASS
138429,VAR_00032,Deletion,AAG,-,3,True,Synonymous,96.40138179939842,PASS
139917,VAR_00033,SNP,G,T,1,True,Missense,68.69738314603569,PASS
140030,VAR_00034,Deletion,CCA,-,3,True,Synonymous,50.01242653531205,PASS
146522,VAR_00035,Insertion,-,AGA,3,True,Synonymous,39.21297682359086,PASS
147644,VAR_00036,SNP,C,T,1,True,Synonymous,89.72429294808714,PASS
151160,VAR_00037,Insertion,-,GAC,3,True,Synonymous,77.29151367553578,PASS
152727,VAR_00038,SNP,G,T,1,True,Synonymous,33.19224219616743,PASS
153098,VAR_00039,SNP,A,T,1,False,Intergenic,93.39597734133994,PASS
153197,VAR_00040,SNP,G,T,1,True,Missense,45.942707485056886,PASS
154068,VAR_00041,Insertion,-,ATG,3,True,Missense,72.84409131695423,PASS
154181,VAR_00042,SNP,A,T,1,False,Intergenic,40.33371868860226,PASS
158981,VAR_00043,SNP,G,A,1,True,Synonymous,65.23485243487914,PASS
159654,VAR_00044,SNP,C,A,1,True,Synonymous,68.68183250911903,PASS
160004,VAR_00045,Insertion,-,TGAA,4,True,Synonymous,90.47128286703642,PASS
160613,VAR_00046,SNP,G,T,1,True,Synonymous,82.03675059821782,PASS
163531,VAR_00047,SNP,G,A,1,True,Synonymous,53.728317846443375,PASS
168487,VAR_00048,Insertion,-,CGC,3,False,Intergenic,40.49408542899821,PASS
171534,VAR_00049,Deletion,GCCT,-,4,True,Synonymous,60.922477348821346,PASS
177974,VAR_00050,SNP,T,G,1,True,Synonymous,65.23579201617366,PASS
187849,VAR_00051,SNP,C,T,1,True,Synonymous,83.32685295421868,PASS
190342,VAR_00052,SNP,T,A,1,True,Synonymous,82.42212362518367,PASS
197517,VAR_00053,SNP,C,T,1,True,Synonymous,99.85961493441341,PASS
198290,VAR_00054,Insertion,-,AGTG,4,False,Intergenic,58.831775221037866,PASS
203113,VAR_00055,SNP,G,A,1,True,Synonymous,83.9674901329699,PASS
208594,VAR_00056,SNP,C,G,1,True,Synonymous,87.54764005036601,PASS
210591,VAR_00057,SNP,T,C,1,True,Synonymous,99.88677192048047,PASS
210998,VAR_00058,SNP,C,G,1,True,Missense,71.21163477292356,PASS
213275,VAR_00059,Deletion,CT,-,2,True,Missense,44.33856346923744,PASS
217059,VAR_00060,SNP,A,T,1,True,Synonymous,57.97767593446216,PASS
222766,VAR_00061,SNP,G,C,1,True,Synonymous,70.01610137308688,PASS
223466,VAR_00062,SNP,G,T,1,True,Synonymous,70.33652709121364,PASS
225259,VAR_00063,SNP,G,C,1,True,Synonymous,51.29246139544243,PASS
229766,VAR_00064,Deletion,TAC,-,3,True,Synonymous,48.26355049170935,PASS
236863,VAR_00065,SNP,G,T,1,True,Synonymous,44.83824659915582,PASS
238697,VAR_00066,SNP,A,C,1,True,Synonymous,83.69827484932037,PASS
242759,VAR_00067,SNP,A,C,1,True,Synonymous,57.71060231419341,PASS
249873,VAR_00068,SNP,C,G,1,True,Synonymous,85.55014686531337,PASS
254703,VAR_00069,SNP,C,G,1,True,Synonymous,97.73385875645612,PASS
259665,VAR_00070,Insertion,-,G,1,True,Synonymous,54.865602603950144,PASS
267907,VAR_00071,SNP,C,T,1,True,Synonymous,95.128037328852,PASS
278215,VAR_00072,SNP,G,A,1,True,Synonymous,46.65788713966552,PASS
278778,VAR_00073,SNP,A,T,1,True,Synonymous,65.52084699335846,PASS
289143,VAR_00074,SNP,G,T,1,True,Synonymous,68.51733725188546,PASS
290400,VAR_00075,Insertion,-,GCTG,4,True,Missense,71.87093613737343,PASS
292360,VAR_00076,Deletion,CCCT,-,4,True,Synonymous,94.66090509345244,PASS
295799,VAR_00077,SNP,G,C,1,True,Synonymous,57.63893434645816,PASS
296053,VAR_00078,SNP,A,C,1,True,Synonymous,39.98380831524083,PASS
300262,VAR_00079,SNP,C,T,1,True,Synonymous,34.21068339189442,PASS
309453,VAR_00080,Insertion,-,T,1,True,Synonymous,44.01041442090629,PASS
315980,VAR_00081,Insertion,-,GCC,3,True,Synonymous,55.65905368330585,PASS
317265,VAR_00082,Insertion,-,AAAC,4,True,Synonymous,31.99363891304391,PASS
318665,VAR_00083,SNP,T,C,1,True,Synonymous,60.99232204870934,PASS
325497,VAR_00084,SNP,A,C,1,True,Missense,86.81272685218161,PASS
331417,VAR_00085,SNP,T,C,1,True,Missense,44.98640760660983,PASS
331536,VAR_00086,SNP,C,G,1,True,Synonymous,62.55519795595127,PASS
336335,VAR_00087,SNP,G,T,1,True,Synonymous,35.4369580834465,PASS
339041,VAR_00088,Insertion,-,TTGC,4,True,Synonymous,40.297131295021,PASS
349643,VAR_00089,SNP,C,G,1,True,Synonymous,53.27890837966443,PASS
352894,VAR_00090,SNP,G,T,1,True,Missense,51.41144732921187,PASS
353037,VAR_00091,SNP,C,A,1,False,Intergenic,52.4194240601426,PASS
353730,VAR_00092,SNP,C,G,1,True,Missense,55.36322220807475,PASS
355138,VAR_00093,SNP,T,C,1,True,Synonymous,33.98442081631596,PASS
358080,VAR_00094,SNP,G,A,1,True,Synonymous,53.54437270175063,PASS
376137,VAR_00095,SNP,G,T,1,True,Synonymous,68.06388827520152,PASS
379340,VAR_00096,Insertion,-,ACC,3,True,Missense,45.441084240388875,PASS
379592,VAR_00097,SNP,G,A,1,True,Synonymous,34.81317787865001,PASS
380991,VAR_00098,SNP,A,G,1,False,Intergenic,96.68530619671766,PASS
394249,VAR_00099,SNP,G,T,1,False,Intergenic,31.459104989331816,PASS
394881,VAR_00100,SNP,T,G,1,True,Synonymous,48.77454645042594,PASS
395585,VAR_00101,SNP,A,G,1,True,Missense,45.903444375391814,PASS
397861,VAR_00102,SNP,T,C,1,True,Synonymous,70.13536747684543,PASS
399332,VAR_00103,Deletion,TCAT,-,4,True,Synonymous,81.54138985068722,PASS
417335,VAR_00104,SNP,A,G,1,True,Synonymous,52.19514200549674,PASS
420505,VAR_00105,SNP,G,C,1,False,Intergenic,63.26986535034466,PASS
421787,VAR_00106,SNP,T,C,1,True,Synonymous,45.012825714761654,PASS
428204,VAR_00107,SNP,A,G,1,True,Synonymous,47.47291720860678,PASS
428432,VAR_00108,SNP,T,C,1,True,Synonymous,57.4620775399285,PASS
430442,VAR_00109,SNP,A,G,1,True,Missense,73.48247034665297,PASS
431508,VAR_00110,SNP,T,A,1,True,Missense,97.99000656734393,PASS
432781,VAR_00111,SNP,A,C,1,True,Synonymous,34.268576430762444,PASS
433087,VAR_00112,SNP,C,G,1,False,Intergenic,35.70443673500498,PASS
438356,VAR_00113,SNP,A,C,1,True,Nonsense,73.18089935338058,PASS
453203,VAR_00114,Insertion,-,TA,2,True,Missense,44.01780319907901,PASS
455470,VAR_00115,SNP,T,A,1,True,Synonymous,90.49095295760986,PASS
459194,VAR_00116,MNP,AAT,GCA,3,True,Missense,92.73980859110098,PASS
460178,VAR_00117,Deletion,C,-,1,True,Synonymous,79.72538765393011,PASS
462635,VAR_00118,Insertion,-,TAA,3,True,Synonymous,92.88063237530147,PASS
470305,VAR_00119,SNP,C,T,1,True,Synonymous,85.18886612504852,PASS
474878,VAR_00120,SNP,G,C,1,True,Missense,33.73322129876602,PASS
475234,VAR_00121,Insertion,-,AT,2,False,Intergenic,84.05087873241203,PASS
476230,VAR_00122,Insertion,-,G,1,True,Synonymous,95.80713495861741,PASS
489875,VAR_00123,Deletion,AA,-,2,True,Synonymous,66.53468385377161,PASS
491978,VAR_00124,Insertion,-,TCA,3,False,Intergenic,63.443274594381876,PASS
494031,VAR_00125,SNP,T,G,1,True,Missense,55.3630974735681,PASS
499309,VAR_00126,SNP,C,G,1,True,Synonymous,95.81656579461529,PASS
499791,VAR_00127,MNP,TCC,GGT,3,True,Missense,44.88795293809781,PASS
504213,VAR_00128,SNP,G,T,1,True,Synonymous,37.58939567706955,PASS
511028,VAR_00129,SNP,T,G,1,True,Missense,63.12808939246635,PASS
512709,VAR_00130,Deletion,GA,-,2,True,Synonymous,47.95112051863461,PASS
514527,VAR_00131,SNP,T,A,1,True,Synonymous,33.38570518447299,PASS
519103,VAR_00132,SNP,T,G,1,True,Synonymous,32.918408681708684,PASS
519559,VAR_00133,SNP,G,A,1,True,Synonymous,77.99194090940753,PASS
521379,VAR_00134,SNP,A,G,1,True,Synonymous,95.95954025118637,PASS
527482,VAR_00135,SNP,A,T,1,True,Synonymous,47.258185787463205,PASS
528001,VAR_00136,Insertion,-,GTG,3,True,Missense,85.31755317720409,PASS
531549,VAR_00137,SNP,T,G,1,True,Synonymous,37.74947589761885,PASS
531662,VAR_00138,Deletion,CTAA,-,4,True,Synonymous,48.23855234809421,PASS
533488,VAR_00139,Insertion,-,ATAC,4,True,Synonymous,39.778732671322,PASS
549831,VAR_00140,Insertion,-,CTCT,4,True,Synonymous,60.237393935763315,PASS
551376,VAR_00141,SNP,A,C,1,True,Synonymous,68.2463052517777,PASS
552947,VAR_00142,SNP,A,C,1,True,Synonymous,77.37000537498855,PASS
555906,VAR_00143,Insertion,-,CGT,3,True,Synonymous,49.43898055642308,PASS
561958,VAR_00144,SNP,G,A,1,True,Synonymous,51.49988538050047,PASS
564516,VAR_00145,Insertion,-,CA,2,True,Synonymous,64.06350331137756,PASS
570173,VAR_00146,SNP,G,A,1,False,Intergenic,60.4911258044836,PASS
572494,VAR_00147,SNP,C,T,1,False,Intergenic,72.76563800612186,PASS
576676,VAR_00148,Insertion,-,TTA,3,True,Synonymous,57.164323635806646,PASS
578806,VAR_00149,SNP,T,A,1,True,Synonymous,35.92067701668904,PASS
582139,VAR_00150,SNP,G,C,1,True,Missense,91.20411154145651,PASS
584506,VAR_00151,Insertion,-,T,1,True,Missense,80.32499284166224,PASS
586220,VAR_00152,SNP,G,A,1,True,Synonymous,91.15728757993598,PASS
590882,VAR_00153,SNP,T,A,1,True,Missense,40.98442157044457,PASS
592017,VAR_00154,SNP,C,G,1,True,Synonymous,66.89148558025681,PASS
592874,VAR_00155,SNP,C,T,1,True,Synonymous,88.29282830966517,PASS
595716,VAR_00156,SNP,C,T,1,True,Synonymous,81.22160892049018,PASS
596653,VAR_00157,Deletion,CCTC,-,4,True,Synonymous,81.66406320353143,PASS
598139,VAR_00158,SNP,G,C,1,True,Synonymous,47.1073613486765,PASS
602456,VAR_00159,SNP,A,G,1,True,Missense,90.98714538652006,PASS
610307,VAR_00160,SNP,C,A,1,True,Missense,43.52680204591051,PASS
617829,VAR_00161,SNP,C,G,1,True,Synonymous,74.1136931808818,PASS
619211,VAR_00162,SNP,C,A,1,True,Synonymous,48.10482815432595,PASS
622317,VAR_00163,SNP,C,G,1,True,Synonymous,90.88086131137639,PASS
622563,VAR_00164,Deletion,TT,-,2,False,Intergenic,82.57202253269628,PASS
625222,VAR_00165,SNP,T,A,1,True,Synonymous,73.9470428955047,PASS
626729,VAR_00166,SNP,C,A,1,True,Synonymous,50.056653787575755,PASS
628667,VAR_00167,Insertion,-,A,1,True,Missense,32.39742688586862,PASS
629503,VAR_00168,Insertion,-,GCGC,4,True,Synonymous,67.41835889265984,PASS
631523,VAR_00169,SNP,T,G,1,True,Synonymous,97.47352618131272,PASS
631736,VAR_00170,Deletion,TT,-,2,True,Synonymous,60.55167799066263,PASS
635224,VAR_00171,SNP,T,A,1,True,Synonymous,50.36675368797762,PASS
637493,VAR_00172,SNP,C,A,1,True,Synonymous,31.35637308200409,PASS
638701,VAR_00173,Insertion,-,CTAC,4,True,Missense,71.53956631353628,PASS
652768,VAR_00174,Deletion,GC,-,2,True,Synonymous,47.72109356002947,PASS
653763,VAR_00175,Insertion,-,CAC,3,True,Nonsense,68.6527431955115,PASS
655964,VAR_00176,SNP,A,T,1,True,Synonymous,94.26118783079264,PASS
657483,VAR_00177,SNP,A,G,1,True,Missense,61.495826901477685,PASS
661709,VAR_00178,Insertion,-,CG,2,True,Synonymous,80.43738149721482,PASS
670603,VAR_00179,Insertion,-,CCG,3,True,Synonymous,77.52416519039127,PASS
670729,VAR_00180,SNP,A,G,1,True,Missense,96.06006882915278,PASS
674744,VAR_00181,SNP,T,A,1,False,Intergenic,85.99256267184298,PASS
679567,VAR_00182,SNP,T,C,1,False,Intergenic,62.27321680558739,PASS
680777,VAR_00183,SNP,C,A,1,True,Synonymous,93.09025880662563,PASS
681236,VAR_00184,MNP,GA,AG,2,True,Synonymous,47.75818868120879,PASS
691448,VAR_00185,Insertion,-,AA,2,True,Synonymous,57.11427930051596,PASS
691669,VAR_00186,SNP,G,T,1,True,Synonymous,74.34146517806181,PASS
693034,VAR_00187,SNP,C,T,1,True,Synonymous,76.51223288145347,PASS
694384,VAR_00188,Insertion,-,GTAT,4,True,Synonymous,67.89426157939658,PASS
696600,VAR_00189,SNP,A,C,1,True,Missense,93.89050896836423,PASS
699282,VAR_00190,SNP,C,G,1,True,Missense,83.17924517672787,PASS
699680,VAR_00191,Insertion,-,C,1,True,Synonymous,73.9783885187176,PASS
706863,VAR_00192,Insertion,-,CG,2,True,Synonymous,53.44927077299892,PASS
711778,VAR_00193,SNP,T,A,1,True,Synonymous,72.33581632122458,PASS
715863,VAR_00194,SNP,G,C,1,True,Missense,70.2431235875582,PASS
724129,VAR_00195,SNP,A,T,1,True,Synonymous,99.2530421358672,PASS
734520,VAR_00196,SNP,T,G,1,True,Synonymous,46.425305417770545,PASS
737842,VAR_00197,Insertion,-,A,1,True,Synonymous,95.27212941881191,PASS
744141,VAR_00198,Insertion,-,G,1,True,Missense,87.17487397212881,PASS
749848,VAR_00199,SNP,T,G,1,False,Intergenic,67.19233712371783,PASS
749893,VAR_00200,SNP,T,A,1,True,Synonymous,43.43705350764642,PASS
752762,VAR_00201,SNP,A,C,1,True,Missense,51.14578841942159,PASS
757832,VAR_00202,Insertion,-,TTG,3,False,Intergenic,69.3657163274109,PASS
759009,VAR_00203,Deletion,AGA,-,3,True,Synonymous,88.78075224782907,PASS
760345,VAR_00204,SNP,G,C,1,True,Synonymous,68.38460965030828,PASS
761481,VAR_00205,SNP,T,A,1,True,Synonymous,44.97146875673367,PASS
764079,VAR_00206,Deletion,CAGC,-,4,True,Synonymous,42.161031157869466,PASS
765321,VAR_00207,Insertion,-,GA,2,True,Synonymous,64.80785885089999,PASS
768852,VAR_00208,SNP,C,T,1,True,Synonymous,71.0598990478205,PASS
771548,VAR_00209,SNP,C,A,1,True,Synonymous,67.62386940374256,PASS
772823,VAR_00210,SNP,C,A,1,True,Missense,69.27936888186727,PASS
779623,VAR_00211,SNP,G,A,1,True,Synonymous,57.71161221988005,PASS
781588,VAR_00212,SNP,A,C,1,True,Synonymous,70.22867295767755,PASS
794887,VAR_00213,Insertion,-,T,1,True,Synonymous,50.31839537847684,PASS
798348,VAR_00214,SNP,A,T,1,False,Intergenic,59.63372569771106,PASS
799327,VAR_00215,SNP,T,C,1,False,Intergenic,45.700069673873486,PASS
801475,VAR_00216,SNP,T,G,1,True,Missense,88.32197822569469,PASS
804815,VAR_00217,SNP,G,T,1,True,Synonymous,92.54570521627133,PASS
804865,VAR_00218,Insertion,-,CG,2,True,Missense,89.23408868984558,PASS
807844,VAR_00219,Insertion,-,GC,2,True,Synonymous,42.065094055936,PASS
809953,VAR_00220,Insertion,-,C,1,True,Synonymous,94.57630124440615,PASS
812466,VAR_00221,SNP,G,A,1,True,Missense,45.66528301404956,PASS
813400,VAR_00222,SNP,T,A,1,True,Synonymous,44.791728037972746,PASS
816723,VAR_00223,SNP,T,C,1,False,Intergenic,55.43402176165432,PASS
819161,VAR_00224,SNP,C,T,1,True,Synonymous,67.80760430082611,PASS
819186,VAR_00225,SNP,C,A,1,True,Synonymous,54.334629952397705,PASS
821701,VAR_00226,SNP,C,A,1,True,Missense,92.14746285444033,PASS
827791,VAR_00227,SNP,T,G,1,True,Missense,70.87322898056262,PASS
827980,VAR_00228,SNP,A,C,1,True,Missense,59.64037050630594,PASS
828567,VAR_00229,SNP,C,G,1,True,Synonymous,73.42531428952795,PASS
829756,VAR_00230,SNP,A,G,1,True,Synonymous,59.9998074576597,PASS
836769,VAR_00231,Insertion,-,G,1,True,Missense,68.68128458633967,PASS
846655,VAR_00232,SNP,T,A,1,False,Intergenic,87.86772081596195,PASS
848986,VAR_00233,SNP,T,G,1,True,Synonymous,61.91415390330947,PASS
849888,VAR_00234,SNP,A,G,1,True,Synonymous,35.66479074596914,PASS
851081,VAR_00235,SNP,A,C,1,True,Synonymous,80.91456132391806,PASS
859788,VAR_00236,SNP,T,A,1,True,Missense,77.25280861527835,PASS
861796,VAR_00237,SNP,A,G,1,True,Synonymous,76.00113105020179,PASS
864523,VAR_00238,SNP,C,T,1,False,Intergenic,45.58942237429878,PASS
869289,VAR_00239,SNP,T,G,1,True,Missense,46.83014815012058,PASS
878767,VAR_00240,Deletion,CAG,-,3,True,Synonymous,40.04987222500522,PASS
879426,VAR_00241,Insertion,-,TT,2,True,Synonymous,71.06890219725709,PASS
881532,VAR_00242,Deletion,TC,-,2,True,Missense,76.65962470081962,PASS
882447,VAR_00243,SNP,G,A,1,True,Synonymous,66.35906586185158,PASS
885502,VAR_00244,Insertion,-,TGCG,4,True,Synonymous,67.3457823598753,PASS
891391,VAR_00245,SNP,C,A,1,True,Synonymous,48.51614253675242,PASS
891792,VAR_00246,Insertion,-,G,1,True,Synonymous,93.46600285466718,PASS
895205,VAR_00247,Insertion,-,TCG,3,True,Synonymous,74.0159939254101,PASS
896612,VAR_00248,SNP,G,C,1,True,Synonymous,87.8381622998528,PASS
899608,VAR_00249,Insertion,-,GG,2,True,Synonymous,97.7972760420492,PASS
908764,VAR_00250,SNP,G,A,1,True,Synonymous,99.00672661256557,PASS
914719,VAR_00251,SNP,G,T,1,True,Synonymous,69.64309849738893,PASS
916395,VAR_00252,SNP,G,T,1,True,Missense,35.27552924374644,PASS
918771,VAR_00253,SNP,T,G,1,True,Missense,94.22207644666223,PASS
921915,VAR_00254,SNP,T,A,1,True,Synonymous,85.07548634870494,PASS
933711,VAR_00255,SNP,A,C,1,True,Synonymous,82.6608692633867,PASS
938101,VAR_00256,SNP,C,A,1,False,Intergenic,68.99131481366196,PASS
943921,VAR_00257,SNP,G,C,1,True,Synonymous,56.31221331922316,PASS
947476,VAR_00258,Insertion,-,T,1,True,Missense,64.52296442893618,PASS
953036,VAR_00259,SNP,C,T,1,True,Synonymous,48.19589442664849,PASS
956073,VAR_00260,Insertion,-,CACG,4,True,Nonsense,65.28966234667254,PASS
957872,VAR_00261,SNP,A,C,1,True,Synonymous,36.211801203000235,PASS
958247,VAR_00262,Insertion,-,TACG,4,True,Missense,74.23039939876361,PASS
963745,VAR_00263,Insertion,-,CGT,3,True,Synonymous,99.21253811432831,PASS
979900,VAR_00264,SNP,C,G,1,True,Missense,68.76668805135301,PASS
980885,VAR_00265,Insertion,-,TG,2,True,Synonymous,94.36911008532768,PASS
988636,VAR_00266,SNP,A,T,1,True,Synonymous,45.69304183220402,PASS
990280,VAR_00267,SNP,G,A,1,True,Synonymous,36.89203888968099,PASS
990722,VAR_00268,SNP,T,G,1,True,Synonymous,51.358182190542664,PASS
992394,VAR_00269,SNP,C,T,1,True,Synonymous,36.02035521487109,PASS
992771,VAR_00270,Insertion,-,TT,2,True,Synonymous,87.90523678878327,PASS
999191,VAR_00271,SNP,G,T,1,True,Synonymous,31.610463945293866,PASS
1000313,VAR_00272,Insertion,-,A,1,False,Intergenic,34.60266586213983,PASS
1000973,VAR_00273,SNP,A,T,1,False,Intergenic,45.06551347795366,PASS
1003354,VAR_00274,SNP,C,T,1,True,Synonymous,81.05667599680228,PASS
1015020,VAR_00275,SNP,A,C,1,True,Synonymous,57.81129146412782,PASS
1016050,VAR_00276,Insertion,-,AGG,3,True,Synonymous,42.60566321459377,PASS
1016799,VAR_00277,SNP,G,A,1,False,Intergenic,61.71495944264008,PASS
1022811,VAR_00278,SNP,T,G,1,True,Synonymous,75.56997123505836,PASS
1031833,VAR_00279,Insertion,-,AT,2,True,Missense,85.23745406494544,PASS
1036094,VAR_00280,SNP,C,T,1,True,Missense,71.80108602353539,PASS
1037317,VAR_00281,Insertion,-,CGA,3,True,Synonymous,37.930979036400664,PASS
1040107,VAR_00282,Insertion,-,TGTA,4,True,Synonymous,74.47342031161446,PASS
1041992,VAR_00283,SNP,A,T,1,True,Synonymous,47.1716822389807,PASS
1044620,VAR_00284,SNP,C,A,1,True,Synonymous,83.60355653690888,PASS
1045254,VAR_00285,SNP,T,A,1,True,Synonymous,83.93314451144411,PASS
1045679,VAR_00286,SNP,A,G,1,True,Synonymous,57.69740840428604,PASS
1045909,VAR_00287,SNP,A,G,1,True,Synonymous,58.50497835907392,PASS
1046097,VAR_00288,Deletion,G,-,1,True,Missense,34.28929619743099,PASS
1046610,VAR_00289,SNP,C,A,1,True,Synonymous,53.43619601362735,PASS
1051395,VAR_00290,SNP,T,C,1,True,Synonymous,42.7600165001225,PASS
1053448,VAR_00291,Insertion,-,GGTC,4,True,Synonymous,31.282977624347026,PASS
1071025,VAR_00292,SNP,G,C,1,False,Intergenic,31.316579676841776,PASS
1074346,VAR_00293,SNP,T,C,1,True,Synonymous,96.44838894539186,PASS
1075803,VAR_00294,SNP,A,T,1,True,Missense,73.04762866897593,PASS
1077778,VAR_00295,SNP,T,A,1,True,Synonymous,59.13017440421123,PASS
1077894,VAR_00296,SNP,G,A,1,True,Synonymous,40.68363794934239,PASS
1080892,VAR_00297,Insertion,-,TT,2,True,Synonymous,57.35120524824549,PASS
1084874,VAR_00298,SNP,C,T,1,True,Synonymous,52.46695221970489,PASS
1088992,VAR_00299,SNP,G,T,1,False,Intergenic,85.88554806811254,PASS
1091843,VAR_00300,SNP,G,A,1,True,Nonsense,32.891501605069756,PASS
1093256,VAR_00301,SNP,A,T,1,True,Synonymous,41.479675590524494,PASS
1094159,VAR_00302,Insertion,-,CGT,3,True,Missense,62.76660615883362,PASS
1094347,VAR_00303,SNP,A,G,1,True,Missense,82.69591405173662,PASS
1097621,VAR_00304,Insertion,-,G,1,False,Intergenic,75.12644367350123,PASS
1098021,VAR_00305,SNP,C,T,1,False,Intergenic,57.45334338805166,PASS
1098195,VAR_00306,SNP,T,G,1,True,Synonymous,48.3250076202212,PASS
1101914,VAR_00307,SNP,T,A,1,True,Synonymous,68.0558450291457,PASS
1109097,VAR_00308,SNP,A,C,1,True,Synonymous,90.89588027125333,PASS
1113517,VAR_00309,SNP,T,C,1,True,Synonymous,53.880007676026175,PASS
1116245,VAR_00310,SNP,T,G,1,True,Synonymous,67.23406861306682,PASS
1116359,VAR_00311,SNP,C,A,1,True,Synonymous,76.44387941601407,PASS
1116576,VAR_00312,SNP,A,C,1,True,Missense,96.16450246927813,PASS
1118208,VAR_00313,Deletion,CGAC,-,4,True,Synonymous,82.3554404925236,PASS
1119379,VAR_00314,SNP,A,G,1,True,Synonymous,34.14631853364119,PASS
1120642,VAR_00315,SNP,A,G,1,True,Synonymous,99.48338904164898,PASS
1121944,VAR_00316,SNP,A,C,1,True,Synonymous,98.05383379528719,PASS
1130681,VAR_00317,SNP,A,C,1,True,Missense,85.12697807243066,PASS
1136546,VAR_00318,SNP,A,G,1,True,Synonymous,55.27550251252238,PASS
1138255,VAR_00319,Insertion,-,GGAT,4,True,Missense,57.63474161680838,PASS
1138540,VAR_00320,SNP,T,G,1,True,Synonymous,55.15255919476503,PASS
1138657,VAR_00321,SNP,A,C,1,True,Synonymous,94.60865720807097,PASS
1140373,VAR_00322,MNP,TT,AA,2,True,Synonymous,84.21138527446175,PASS
1145589,VAR_00323,SNP,T,C,1,True,Synonymous,78.50308876208894,PASS
1148854,VAR_00324,SNP,A,C,1,True,Missense,91.15262134554888,PASS
1153027,VAR_00325,Deletion,ATGG,-,4,True,Missense,67.67110993313258,PASS
1156472,VAR_00326,SNP,C,G,1,True,Missense,85.56138602715373,PASS
1158326,VAR_00327,Deletion,A,-,1,True,Synonymous,94.89337950227316,PASS
1161936,VAR_00328,SNP,G,C,1,True,Synonymous,68.12657065338118,PASS
1164267,VAR_00329,Insertion,-,CTCT,4,False,Intergenic,90.1960418224775,PASS
1164912,VAR_00330,SNP,C,G,1,True,Missense,78.82273956340029,PASS
1170531,VAR_00331,SNP,G,T,1,True,Synonymous,35.713092441125895,PASS
1171577,VAR_00332,SNP,C,G,1,True,Missense,85.63205875968916,PASS
1172466,VAR_00333,Deletion,GGAG,-,4,True,Missense,30.425341734632763,PASS
1178063,VAR_00334,Deletion,T,-,1,True,Synonymous,80.43120358398804,PASS
1182452,VAR_00335,Deletion,TGCC,-,4,True,Missense,83.7882553802705,PASS
1183400,VAR_00336,SNP,A,T,1,True,Synonymous,98.30626595249193,PASS
1187061,VAR_00337,SNP,G,C,1,False,Intergenic,46.18023321759131,PASS
1187409,VAR_00338,SNP,A,G,1,True,Synonymous,53.3690016462885,PASS
1189398,VAR_00339,SNP,T,A,1,True,Synonymous,92.0130768131831,PASS
1189577,VAR_00340,MNP,TAC,CTA,3,True,Synonymous,87.8246039277808,PASS
1193224,VAR_00341,SNP,A,T,1,True,Synonymous,60.998632398200265,PASS
1197341,VAR_00342,SNP,C,G,1,True,Synonymous,35.614044377211485,PASS
1201649,VAR_00343,SNP,C,T,1,True,Synonymous,64.60175245604157,PASS
1201994,VAR_00344,SNP,G,C,1,True,Synonymous,70.67382572044909,PASS
1203770,VAR_00345,SNP,T,A,1,True,Synonymous,45.415736398190376,PASS
1206352,VAR_00346,SNP,G,T,1,True,Synonymous,80.47921165749787,PASS
1206407,VAR_00347,Insertion,-,GGTC,4,True,Synonymous,84.85375459856243,PASS
1207426,VAR_00348,SNP,C,T,1,True,Missense,37.17374267353945,PASS
1207649,VAR_00349,SNP,G,T,1,True,Missense,76.95054248782105,PASS
1213212,VAR_00350,SNP,C,T,1,True,Synonymous,88.68840237809925,PASS
1222792,VAR_00351,SNP,C,T,1,True,Missense,58.4375549527674,PASS
1227151,VAR_00352,SNP,C,T,1,True,Synonymous,96.98160113588374,PASS
1235826,VAR_00353,SNP,A,T,1,True,Synonymous,85.87579351411685,PASS
1236620,VAR_00354,SNP,C,A,1,True,Synonymous,80.8735183109826,PASS
1238526,VAR_00355,SNP,C,G,1,True,Synonymous,96.94760766134537,PASS
1241531,VAR_00356,SNP,C,T,1,True,Synonymous,59.60274113926359,PASS
1250909,VAR_00357,SNP,T,C,1,True,Synonymous,84.0964977691217,PASS
1253575,VAR_00358,SNP,C,A,1,True,Missense,64.0349587957256,PASS
1258743,VAR_00359,Deletion,G,-,1,True,Synonymous,31.068721746086048,PASS
1259948,VAR_00360,SNP,A,G,1,True,Synonymous,41.01082744769869,PASS
1259963,VAR_00361,Deletion,GT,-,2,False,Intergenic,62.47484689026729,PASS
1261034,VAR_00362,SNP,T,A,1,True,Synonymous,48.57847942249697,PASS
1263900,VAR_00363,MNP,TA,AC,2,True,Synonymous,94.8988278951932,PASS
1264952,VAR_00364,Deletion,A,-,1,True,Synonymous,93.50664403721115,PASS
1266160,VAR_00365,SNP,C,G,1,True,Missense,95.27516092858684,PASS
1268547,VAR_00366,SNP,A,C,1,True,Synonymous,68.62021809021519,PASS
1268742,VAR_00367,SNP,C,T,1,True,Synonymous,48.654177517103946,PASS
1279440,VAR_00368,SNP,T,A,1,True,Synonymous,78.72375833030051,PASS
1282349,VAR_00369,SNP,G,C,1,False,Intergenic,89.56340617581401,PASS
1284687,VAR_00370,Insertion,-,CGA,3,True,Synonymous,50.277754709853724,PASS
1285060,VAR_00371,SNP,C,A,1,True,Missense,58.614483478755204,PASS
1289304,VAR_00372,SNP,T,A,1,False,Intergenic,49.77151663232879,PASS
1296932,VAR_00373,SNP,G,C,1,True,Missense,35.29466659225371,PASS
1299536,VAR_00374,SNP,G,C,1,True,Missense,99.7554488532669,PASS
1304696,VAR_00375,SNP,A,T,1,True,Synonymous,48.812733398002614,PASS
1305380,VAR_00376,SNP,T,A,1,True,Missense,87.41579399474492,PASS
1311132,VAR_00377,SNP,C,G,1,True,Synonymous,88.45353683924537,PASS
1317500,VAR_00378,SNP,G,A,1,False,Intergenic,80.3342514111867,PASS
1319469,VAR_00379,SNP,T,A,1,True,Missense,81.76814652228596,PASS
1325613,VAR_00380,SNP,T,A,1,False,Intergenic,44.990392048278395,PASS
1331909,VAR_00381,SNP,C,T,1,True,Missense,38.853369932164846,PASS
1334888,VAR_00382,Insertion,-,GT,2,True,Synonymous,92.44213422555046,PASS
1335499,VAR_00383,SNP,A,C,1,True,Synonymous,52.34726421724378,PASS
1336441,VAR_00384,SNP,A,G,1,True,Synonymous,96.60416362615071,PASS
1339865,VAR_00385,SNP,T,G,1,True,Synonymous,77.35365309902232,PASS
1345618,VAR_00386,SNP,A,G,1,True,Synonymous,47.52321166017293,PASS
1348084,VAR_00387,SNP,T,A,1,True,Synonymous,47.72520163951742,PASS
1351142,VAR_00388,SNP,T,G,1,False,Intergenic,54.40583971877392,PASS
1351848,VAR_00389,SNP,T,C,1,True,Missense,91.60366609136891,PASS
1361113,VAR_00390,Insertion,-,TA,2,True,Synonymous,46.84488521884664,PASS
1362462,VAR_00391,Insertion,-,A,1,True,Synonymous,43.859076819803064,PASS
1367572,VAR_00392,Deletion,C,-,1,True,Missense,81.84863118350776,PASS
1368876,VAR_00393,SNP,T,G,1,True,Synonymous,44.22540753318586,PASS
1369736,VAR_00394,SNP,A,C,1,True,Synonymous,49.50683134834554,PASS
1377322,VAR_00395,SNP,T,A,1,True,Synonymous,59.97061235326119,PASS
1378237,VAR_00396,SNP,G,C,1,True,Missense,95.53705342837812,PASS
1381654,VAR_00397,Insertion,-,T,1,True,Missense,98.00433211446898,PASS
1383394,VAR_00398,SNP,A,C,1,True,Synonymous,65.47355767128904,PASS
1383891,VAR_00399,SNP,C,A,1,True,Missense,80.66532793171349,PASS
1396439,VAR_00400,SNP,T,G,1,True,Synonymous,47.46363312256346,PASS
1399361,VAR_00401,SNP,A,G,1,True,Missense,35.658150099776066,PASS
1399606,VAR_00402,SNP,G,T,1,True,Synonymous,90.49953725619612,PASS
1399712,VAR_00403,SNP,T,C,1,True,Synonymous,70.99200535065967,PASS
1400530,VAR_00404,Insertion,-,CGCG,4,True,Missense,77.18048651995478,PASS
1403201,VAR_00405,Insertion,-,TAT,3,True,Synonymous,95.0359097147867,PASS
1424827,VAR_00406,Insertion,-,GC,2,True,Synonymous,77.17587051784746,PASS
1434473,VAR_00407,SNP,C,T,1,True,Synonymous,56.94139447786662,PASS
1435934,VAR_00408,SNP,A,T,1,True,Synonymous,42.938088213012506,PASS
1443683,VAR_00409,SNP,A,G,1,True,Synonymous,46.62643257193955,PASS
1445789,VAR_00410,SNP,G,T,1,True,Synonymous,91.19128864843853,PASS
1450281,VAR_00411,SNP,G,A,1,True,Synonymous,40.91298836553525,PASS
1455921,VAR_00412,SNP,C,T,1,True,Synonymous,59.781100874054026,PASS
1463924,VAR_00413,SNP,C,A,1,True,Missense,55.390833125818624,PASS
1471823,VAR_00414,SNP,T,G,1,False,Intergenic,43.56165469187864,PASS
1480192,VAR_00415,SNP,A,C,1,True,Synonymous,54.53500600159947,PASS
1481167,VAR_00416,Insertion,-,AGC,3,False,Intergenic,76.46990327247511,PASS
1485266,VAR_00417,SNP,A,T,1,True,Synonymous,68.38077440571091,PASS
1488852,VAR_00418,SNP,A,T,1,True,Synonymous,75.64680584075364,PASS
1489611,VAR_00419,Insertion,-,TC,2,True,Missense,65.69465469165527,PASS
1491098,VAR_00420,MNP,GTT,CGC,3,True,Synonymous,94.04005023765836,PASS
1496426,VAR_00421,SNP,A,T,1,False,Intergenic,82.65077711791538,PASS
1504012,VAR_00422,MNP,AGT,GTC,3,True,Synonymous,94.52331177629601,PASS
1509841,VAR_00423,SNP,C,T,1,True,Synonymous,64.66646764849463,PASS
1514976,VAR_00424,Insertion,-,CGGT,4,True,Missense,59.25556545523219,PASS
1521566,VAR_00425,SNP,A,G,1,True,Synonymous,91.11946137825359,PASS
1524884,VAR_00426,Insertion,-,GGT,3,True,Synonymous,34.425046829688,PASS
1525592,VAR_00427,SNP,A,C,1,True,Synonymous,67.45201880394912,PASS
1527675,VAR_00428,SNP,G,T,1,False,Intergenic,94.38474735214128,PASS
1528030,VAR_00429,SNP,G,C,1,True,Nonsense,38.37610397351963,PASS
1530010,VAR_00430,SNP,G,C,1,True,Synonymous,59.66340731886734,PASS
1532096,VAR_00431,SNP,T,C,1,False,Intergenic,51.48824456715483,PASS
1543222,VAR_00432,SNP,A,G,1,True,Nonsense,57.13674752317692,PASS
1549324,VAR_00433,SNP,A,C,1,True,Missense,40.80712985759685,PASS
1549695,VAR_00434,SNP,C,A,1,True,Synonymous,45.7136988157394,PASS
1551189,VAR_00435,SNP,A,C,1,True,Nonsense,83.77430706436135,PASS
1553164,VAR_00436,SNP,A,T,1,False,Intergenic,55.30944851571294,PASS
1554301,VAR_00437,SNP,C,A,1,True,Synonymous,39.45299759764669,PASS
1556403,VAR_00438,SNP,T,A,1,True,Synonymous,38.45854826916101,PASS
1557156,VAR_00439,SNP,C,A,1,True,Synonymous,45.54981193893842,PASS
1557724,VAR_00440,SNP,T,A,1,False,Intergenic,60.751108456952224,PASS
1558064,VAR_00441,SNP,C,T,1,True,Missense,66.94945336822487,PASS
1560332,VAR_00442,SNP,C,T,1,True,Synonymous,92.89498631546978,PASS
1561732,VAR_00443,SNP,T,A,1,True,Nonsense,39.17627464616521,PASS
1570828,VAR_00444,SNP,A,C,1,True,Synonymous,36.39952658300478,PASS
1579092,VAR_00445,SNP,T,A,1,True,Missense,80.53509161113622,PASS
1585505,VAR_00446,SNP,G,T,1,False,Intergenic,65.15880158905748,PASS
1588829,VAR_00447,SNP,G,A,1,True,Synonymous,55.843246738265805,PASS
1593417,VAR_00448,SNP,A,G,1,True,Synonymous,80.9141379883896,PASS
1594002,VAR_00449,SNP,C,A,1,True,Synonymous,53.53724579897414,PASS
1599669,VAR_00450,Deletion,GGT,-,3,True,Synonymous,50.61045592553104,PASS
1604078,VAR_00451,SNP,T,G,1,True,Synonymous,44.42491410640045,PASS
1612618,VAR_00452,SNP,A,G,1,True,Synonymous,80.75846873808365,PASS
1614592,VAR_00453,SNP,G,T,1,True,Synonymous,30.770856324440057,PASS
1615005,VAR_00454,SNP,T,G,1,True,Synonymous,89.73153774765473,PASS
1620578,VAR_00455,Insertion,-,GC,2,True,Synonymous,59.25257376010964,PASS
1622609,VAR_00456,SNP,C,A,1,True,Nonsense,81.65294888519368,PASS
1630359,VAR_00457,SNP,T,G,1,True,Synonymous,87.98384444882315,PASS
1631341,VAR_00458,SNP,T,G,1,True,Synonymous,70.29919516616548,PASS
1632473,VAR_00459,Insertion,-,CAA,3,True,Synonymous,85.29465092347667,PASS
1632849,VAR_00460,Insertion,-,AGT,3,True,Synonymous,83.83959423076058,PASS
1633081,VAR_00461,SNP,G,C,1,False,Intergenic,54.405057593087655,PASS
1633901,VAR_00462,SNP,T,C,1,True,Synonymous,81.53663750099324,PASS
1640856,VAR_00463,SNP,G,C,1,True,Synonymous,57.94214049867858,PASS
1641216,VAR_00464,SNP,T,G,1,True,Missense,43.71349678691368,PASS
1643650,VAR_00465,SNP,A,C,1,False,Intergenic,73.04695657116505,PASS
1654823,VAR_00466,Insertion,-,GA,2,True,Missense,49.09934296727788,PASS
1659329,VAR_00467,SNP,C,G,1,False,Intergenic,98.82774041448795,PASS
1661704,VAR_00468,SNP,T,G,1,True,Synonymous,88.2547267603031,PASS
1662450,VAR_00469,SNP,T,G,1,True,Synonymous,96.56888279907847,PASS
1665503,VAR_00470,SNP,C,A,1,False,Intergenic,42.52453487926188,PASS
1666462,VAR_00471,SNP,A,G,1,True,Missense,32.33838824500195,PASS
1669801,VAR_00472,SNP,C,G,1,True,Synonymous,60.74601473294625,PASS
1670781,VAR_00473,SNP,C,G,1,True,Synonymous,57.174379983402105,PASS
1671227,VAR_00474,SNP,T,G,1,True,Missense,81.40875149894896,PASS
1673307,VAR_00475,SNP,A,C,1,True,Synonymous,30.179342913623554,PASS
1675982,VAR_00476,SNP,T,A,1,True,Synonymous,42.39981060759058,PASS
1678922,VAR_00477,SNP,T,A,1,True,Synonymous,86.16976907651997,PASS
1679007,VAR_00478,SNP,T,C,1,True,Synonymous,79.70267823163827,PASS
1683834,VAR_00479,SNP,A,G,1,False,Intergenic,35.15221327910287,PASS
1686503,VAR_00480,Deletion,TACA,-,4,False,Intergenic,53.73998626572827,PASS
1689061,VAR_00481,SNP,T,G,1,True,Synonymous,87.51554347842745,PASS
1689494,VAR_00482,Insertion,-,AGGA,4,True,Synonymous,48.298397972647635,PASS
1691280,VAR_00483,SNP,G,T,1,True,Synonymous,75.70533145906434,PASS
1695434,VAR_00484,SNP,A,T,1,True,Missense,30.1908992647446,PASS
1696138,VAR_00485,SNP,A,T,1,True,Synonymous,40.77123892628037,PASS
1698568,VAR_00486,SNP,A,C,1,True,Synonymous,49.349640214823026,PASS
1698814,VAR_00487,Deletion,ACAA,-,4,True,Missense,93.11347516981522,PASS
1699392,VAR_00488,SNP,C,G,1,True,Missense,57.0958982767858,PASS
1701791,VAR_00489,Deletion,TTC,-,3,True,Synonymous,95.8717214317039,PASS
1702303,VAR_00490,SNP,A,G,1,True,Synonymous,35.582818287711746,PASS
1704615,VAR_00491,SNP,G,C,1,True,Missense,62.629218468073844,PASS
1706236,VAR_00492,SNP,G,A,1,True,Synonymous,44.14779230672155,PASS
1722208,VAR_00493,SNP,C,T,1,True,Synonymous,31.19166062893454,PASS
1722677,VAR_00494,SNP,T,A,1,False,Intergenic,41.369559569855156,PASS
1727340,VAR_00495,SNP,T,C,1,True,Synonymous,76.75163451979904,PASS
1729207,VAR_00496,SNP,C,G,1,True,Synonymous,48.654129049640666,PASS
1730445,VAR_00497,SNP,A,C,1,True,Synonymous,71.74004716386071,PASS
1731134,VAR_00498,SNP,G,A,1,True,Synonymous,74.2601785709369,PASS
1734185,VAR_00499,SNP,A,G,1,True,Nonsense,51.37257457878387,PASS
1739646,VAR_00500,Deletion,T,-,1,True,Synonymous,78.18832792176062,PASS
1742291,VAR_00501,Deletion,AGAA,-,4,True,Synonymous,56.57706343915993,PASS
1749786,VAR_00502,Deletion,CGCT,-,4,True,Synonymous,43.164653746392204,PASS
1758832,VAR_00503,SNP,C,G,1,True,Synonymous,62.25617782002372,PASS
1762255,VAR_00504,SNP,G,T,1,True,Synonymous,58.11093342780926,PASS
1764007,VAR_00505,SNP,T,A,1,True,Missense,32.097037361796794,PASS
1768756,VAR_00506,SNP,T,G,1,True,Synonymous,35.94777954957798,PASS
1769628,VAR_00507,SNP,G,C,1,True,Missense,92.38848902929949,PASS
1771867,VAR_00508,SNP,C,A,1,True,Synonymous,59.90129279925765,PASS
1771892,VAR_00509,SNP,C,A,1,True,Synonymous,35.89507516497253,PASS
1776585,VAR_00510,SNP,C,A,1,True,Missense,77.5913837951727,PASS
1778621,VAR_00511,Deletion,T,-,1,True,Missense,56.88445336159267,PASS
1782099,VAR_00512,SNP,C,A,1,True,Synonymous,89.87211835980057,PASS
1785515,VAR_00513,SNP,C,A,1,True,Synonymous,87.81093362118591,PASS
1794304,VAR_00514,SNP,G,A,1,True,Synonymous,31.54896597989247,PASS
1804095,VAR_00515,SNP,C,A,1,True,Nonsense,91.31604532213184,PASS
1806608,VAR_00516,SNP,G,T,1,True,Synonymous,44.00898770774799,PASS
1809273,VAR_00517,Insertion,-,ACT,3,True,Synonymous,60.773494309668905,PASS
1814102,VAR_00518,Deletion,AC,-,2,True,Synonymous,49.54619487010503,PASS
1816555,VAR_00519,SNP,G,C,1,True,Missense,66.07171043609875,PASS
1827590,VAR_00520,SNP,G,A,1,True,Synonymous,99.11478679346345,PASS
1828196,VAR_00521,SNP,C,A,1,True,Synonymous,96.35722297902899,PASS
1832050,VAR_00522,SNP,C,A,1,True,Missense,46.98745453275369,PASS
1832106,VAR_00523,SNP,T,C,1,True,Synonymous,45.3536514536904,PASS
1835168,VAR_00524,Insertion,-,CG,2,True,Synonymous,65.77949480027362,PASS
1838791,VAR_00525,SNP,G,C,1,False,Intergenic,55.361468128594325,PASS
1840537,VAR_00526,SNP,A,T,1,True,Synonymous,80.49358376229895,PASS
1842146,VAR_00527,SNP,G,T,1,True,Synonymous,40.66233092634063,PASS
1843366,VAR_00528,SNP,C,G,1,False,Intergenic,36.17341063248441,PASS
1843557,VAR_00529,SNP,C,G,1,True,Synonymous,68.98971772389154,PASS
1846401,VAR_00530,Insertion,-,TGA,3,True,Synonymous,47.3119206116084,PASS
1847412,VAR_00531,Deletion,ATG,-,3,True,Synonymous,59.941746247895225,PASS
1847686,VAR_00532,SNP,A,T,1,True,Synonymous,51.483246767527575,PASS
1848439,VAR_00533,SNP,T,A,1,True,Synonymous,66.445031200553,PASS
1849478,VAR_00534,Insertion,-,AT,2,True,Synonymous,72.6349928472435,PASS
1859849,VAR_00535,SNP,G,T,1,True,Synonymous,93.2221778123789,PASS
1861801,VAR_00536,SNP,T,A,1,True,Missense,77.29522954635218,PASS
1864989,VAR_00537,SNP,G,T,1,False,Intergenic,60.223261399726404,PASS
1880170,VAR_00538,SNP,G,C,1,True,Missense,87.81789787345335,PASS
1882751,VAR_00539,SNP,G,C,1,True,Missense,99.66573207347398,PASS
1884164,VAR_00540,SNP,G,T,1,True,Synonymous,35.409434732727206,PASS
1900011,VAR_00541,Deletion,AA,-,2,True,Synonymous,31.852971952276437,PASS
1901197,VAR_00542,SNP,C,G,1,True,Missense,31.79187884625734,PASS
1903667,VAR_00543,SNP,G,T,1,True,Synonymous,33.583223777782806,PASS
1906059,VAR_00544,SNP,C,T,1,True,Synonymous,81.5507015135394,PASS
1907427,VAR_00545,SNP,C,A,1,True,Synonymous,40.446515490473516,PASS
1913371,VAR_00546,Insertion,-,C,1,True,Missense,46.59128494010804,PASS
1914628,VAR_00547,SNP,G,A,1,True,Synonymous,96.39064998764174,PASS
1916485,VAR_00548,SNP,T,A,1,True,Synonymous,56.80704388887676,PASS
1917217,VAR_00549,SNP,T,G,1,False,Intergenic,81.11236225641986,PASS
1920102,VAR_00550,SNP,G,T,1,True,Synonymous,47.2741601950493,PASS
1926165,VAR_00551,SNP,C,T,1,True,Synonymous,64.55238450597481,PASS
1930683,VAR_00552,SNP,C,A,1,False,Intergenic,81.8218479198571,PASS
1932050,VAR_00553,SNP,G,C,1,True,Missense,39.95812174128151,PASS
1933127,VAR_00554,SNP,T,C,1,True,Synonymous,52.423325632819655,PASS
1933847,VAR_00555,SNP,A,G,1,True,Missense,83.15771641814445,PASS
1938066,VAR_00556,SNP,G,C,1,True,Missense,39.29430609809175,PASS
1938969,VAR_00557,SNP,G,T,1,True,Missense,31.299887109413234,PASS
1942925,VAR_00558,SNP,A,T,1,True,Synonymous,31.139682762216193,PASS
1947908,VAR_00559,Insertion,-,TTGC,4,True,Synonymous,57.4195007894821,PASS
1950866,VAR_00560,SNP,G,C,1,True,Missense,88.37931384599759,PASS
1953128,VAR_00561,SNP,T,C,1,True,Synonymous,61.085404564234594,PASS
1953624,VAR_00562,SNP,G,C,1,True,Synonymous,34.36664338677092,PASS
1954754,VAR_00563,Deletion,A,-,1,True,Synonymous,43.75761579563648,PASS
1956023,VAR_00564,SNP,C,T,1,True,Synonymous,96.71889094048822,PASS
1958479,VAR_00565,SNP,G,C,1,True,Synonymous,50.36469794295613,PASS
1959508,VAR_00566,SNP,A,G,1,True,Synonymous,88.28113566139396,PASS
1960096,VAR_00567,SNP,G,T,1,True,Synonymous,67.17541320097745,PASS
1962174,VAR_00568,Insertion,-,CCC,3,False,Intergenic,76.6738933025756,PASS
1963568,VAR_00569,SNP,C,G,1,True,Synonymous,87.515538407706,PASS
1974932,VAR_00570,SNP,T,C,1,True,Missense,86.42230597717503,PASS
1976758,VAR_00571,SNP,G,A,1,True,Synonymous,52.20758679373143,PASS
1989555,VAR_00572,Deletion,C,-,1,True,Missense,79.18136103548474,PASS
1992754,VAR_00573,SNP,T,G,1,True,Synonymous,56.13838285447514,PASS
2000123,VAR_00574,Insertion,-,TGT,3,True,Synonymous,42.85533331320534,PASS
2001330,VAR_00575,Insertion,-,GCG,3,True,Synonymous,50.532753270591314,PASS
2007992,VAR_00576,SNP,A,C,1,False,Intergenic,87.81316553613962,PASS
2008170,VAR_00577,Deletion,TCAT,-,4,True,Missense,55.9148393118755,PASS
2009325,VAR_00578,SNP,A,C,1,True,Synonymous,58.45666471160589,PASS
2011263,VAR_00579,SNP,T,C,1,True,Synonymous,43.1001772155898,PASS
2018644,VAR_00580,SNP,A,T,1,True,Missense,91.71932631030896,PASS
2022596,VAR_00581,SNP,C,G,1,True,Synonymous,33.01151110766201,PASS
2024661,VAR_00582,SNP,G,A,1,True,Synonymous,65.29844590600705,PASS
2024778,VAR_00583,SNP,A,G,1,True,Synonymous,81.51196570074472,PASS
2025823,VAR_00584,SNP,T,A,1,True,Synonymous,91.6383510143099,PASS
2031128,VAR_00585,SNP,T,G,1,True,Missense,74.35924188849037,PASS
2031893,VAR_00586,SNP,T,C,1,True,Synonymous,62.99432736044323,PASS
2032109,VAR_00587,Deletion,TG,-,2,True,Missense,84.81811960610898,PASS
2035161,VAR_00588,SNP,A,G,1,True,Missense,93.21538032905437,PASS
2040908,VAR_00589,SNP,G,T,1,True,Synonymous,96.13300120651945,PASS
2043739,VAR_00590,Insertion,-,TATA,4,True,Synonymous,47.88394007485016,PASS
2048015,VAR_00591,SNP,C,A,1,True,Synonymous,38.59043609974966,PASS
2048515,VAR_00592,SNP,T,G,1,True,Synonymous,91.57514622771177,PASS
2051961,VAR_00593,SNP,G,T,1,True,Synonymous,66.3583947300146,PASS
2052371,VAR_00594,Insertion,-,TGAG,4,True,Synonymous,91.97840718874397,PASS
2054763,VAR_00595,SNP,A,G,1,True,Synonymous,57.26724530792157,PASS
2054861,VAR_00596,SNP,A,C,1,True,Synonymous,72.69268894917647,PASS
2063834,VAR_00597,Insertion,-,G,1,True,Synonymous,47.12562882923349,PASS
2065575,VAR_00598,Deletion,GTT,-,3,True,Synonymous,80.62057333535775,PASS
2068169,VAR_00599,SNP,A,T,1,True,Synonymous,40.740025777440835,PASS
2070341,VAR_00600,Insertion,-,CA,2,True,Synonymous,87.06127489013079,PASS
2074157,VAR_00601,SNP,C,T,1,True,Missense,68.58137732479179,PASS
2078130,VAR_00602,SNP,T,C,1,True,Synonymous,79.47350390061777,PASS
2083505,VAR_00603,Insertion,-,A,1,True,Nonsense,39.56173094178453,PASS
2084202,VAR_00604,SNP,T,C,1,True,Synonymous,57.45555534312001,PASS
2091076,VAR_00605,SNP,G,C,1,True,Synonymous,86.24631158503699,PASS
2099610,VAR_00606,Deletion,GAAG,-,4,True,Synonymous,73.7776498734941,PASS
2100093,VAR_00607,Deletion,TC,-,2,True,Synonymous,37.747865516991176,PASS
2102251,VAR_00608,SNP,C,T,1,True,Synonymous,90.23292960625905,PASS
2103247,VAR_00609,SNP,A,G,1,True,Missense,75.07683404616301,PASS
2106896,VAR_00610,Insertion,-,AC,2,False,Intergenic,48.6918111223983,PASS
2115829,VAR_00611,SNP,A,T,1,True,Synonymous,68.45045284818717,PASS
2124514,VAR_00612,SNP,G,A,1,True,Synonymous,48.788617569026826,PASS
2126818,VAR_00613,SNP,A,G,1,True,Synonymous,35.47293165918783,PASS
2129463,VAR_00614,Insertion,-,TGGC,4,True,Nonsense,95.30146642696435,PASS
2129673,VAR_00615,SNP,A,T,1,True,Synonymous,85.00757710626547,PASS
2132351,VAR_00616,SNP,C,A,1,True,Synonymous,62.554843848505016,PASS
2134921,VAR_00617,SNP,G,A,1,True,Synonymous,97.79808022424942,PASS
2135134,VAR_00618,SNP,A,C,1,True,Synonymous,66.36726351825081,PASS
2136370,VAR_00619,SNP,A,C,1,True,Synonymous,83.79404453887639,PASS
2137032,VAR_00620,SNP,T,G,1,True,Synonymous,87.91523345712422,PASS
2137405,VAR_00621,SNP,A,T,1,False,Intergenic,47.06147870794615,PASS
2137694,VAR_00622,SNP,T,A,1,True,Synonymous,78.08823332106797,PASS
2143415,VAR_00623,SNP,T,G,1,True,Synonymous,36.224213669903264,PASS
2147875,VAR_00624,Insertion,-,TTAA,4,True,Synonymous,98.78040444192253,PASS
2152901,VAR_00625,SNP,G,T,1,True,Missense,67.77843363397619,PASS
2168566,VAR_00626,SNP,T,G,1,True,Synonymous,63.56909190194381,PASS
2169475,VAR_00627,Insertion,-,C,1,False,Intergenic,90.79470444708494,PASS
2169620,VAR_00628,SNP,C,G,1,True,Synonymous,82.60860544050898,PASS
2169994,VAR_00629,Insertion,-,GTT,3,False,Intergenic,59.334310556072985,PASS
2171958,VAR_00630,Insertion,-,C,1,True,Synonymous,37.19501821200613,PASS
2176687,VAR_00631,SNP,G,T,1,True,Nonsense,78.97529756949456,PASS
2179787,VAR_00632,SNP,G,C,1,True,Synonymous,94.93730147929173,PASS
2188044,VAR_00633,SNP,C,A,1,True,Synonymous,50.468260575478986,PASS
2188884,VAR_00634,SNP,T,A,1,True,Synonymous,55.071157345781515,PASS
2190694,VAR_00635,Insertion,-,GCGC,4,True,Synonymous,58.768422498265224,PASS
2194060,VAR_00636,SNP,A,T,1,True,Synonymous,41.78452992521491,PASS
2194208,VAR_00637,SNP,T,C,1,True,Synonymous,89.13126647611321,PASS
2197951,VAR_00638,Insertion,-,TACC,4,True,Synonymous,59.34698444092078,PASS
2198720,VAR_00639,Deletion,A,-,1,True,Synonymous,90.3522574030001,PASS
2200828,VAR_00640,Deletion,TTAT,-,4,True,Synonymous,86.83320128903682,PASS
2205528,VAR_00641,SNP,C,A,1,True,Synonymous,75.44860667014092,PASS
2211340,VAR_00642,SNP,C,A,1,True,Synonymous,82.69383141825813,PASS
2217049,VAR_00643,SNP,G,A,1,False,Intergenic,77.65977133883251,PASS
2217615,VAR_00644,Insertion,-,TCA,3,False,Intergenic,72.13285020153981,PASS
2231997,VAR_00645,SNP,C,A,1,True,Synonymous,54.33019722733831,PASS
2240568,VAR_00646,SNP,T,A,1,True,Synonymous,94.43802729781348,PASS
2240900,VAR_00647,Insertion,-,TA,2,True,Missense,69.54085309340235,PASS
2247422,VAR_00648,SNP,A,T,1,False,Intergenic,51.57644252260913,PASS
2249764,VAR_00649,SNP,C,G,1,True,Synonymous,72.25238015583807,PASS
2251457,VAR_00650,Insertion,-,AG,2,True,Synonymous,44.53511631073725,PASS
2252600,VAR_00651,SNP,T,G,1,True,Missense,30.705856964064406,PASS
2252941,VAR_00652,Insertion,-,A,1,True,Missense,95.0451233537229,PASS
2253612,VAR_00653,SNP,G,T,1,True,Missense,57.15437972166113,PASS
2256117,VAR_00654,Insertion,-,TTAG,4,True,Synonymous,53.07423379559047,PASS
2256416,VAR_00655,MNP,TA,AG,2,True,Synonymous,62.91210264739269,PASS
2257149,VAR_00656,SNP,C,G,1,True,Synonymous,88.9510451086974,PASS
2258504,VAR_00657,Insertion,-,ACGT,4,True,Missense,91.63927426499316,PASS
2266396,VAR_00658,Insertion,-,ATCG,4,True,Missense,38.81004218444596,PASS
2266763,VAR_00659,Insertion,-,GT,2,True,Synonymous,62.19852973073748,PASS
2275041,VAR_00660,SNP,T,A,1,False,Intergenic,31.05224284662086,PASS
2276034,VAR_00661,Deletion,C,-,1,True,Synonymous,38.30945829445186,PASS
2279445,VAR_00662,SNP,A,G,1,True,Synonymous,60.90093111301849,PASS
2280117,VAR_00663,SNP,A,G,1,True,Synonymous,67.02501471344094,PASS
2283679,VAR_00664,Insertion,-,G,1,True,Synonymous,62.06498225058669,PASS
2287890,VAR_00665,SNP,T,G,1,True,Synonymous,38.05462044343922,PASS
2290024,VAR_00666,Insertion,-,G,1,True,Synonymous,94.54565379990501,PASS
2290926,VAR_00667,SNP,C,A,1,False,Intergenic,45.796863405154184,PASS
2291079,VAR_00668,SNP,T,A,1,True,Missense,85.73436854552132,PASS
2293100,VAR_00669,SNP,A,T,1,True,Synonymous,73.32586063885829,PASS
2299149,VAR_00670,Insertion,-,TGAC,4,True,Synonymous,33.52950805255507,PASS
2300001,VAR_00671,MNP,ACC,TGG,3,True,Synonymous,96.01054512365853,PASS
2309730,VAR_00672,SNP,G,C,1,True,Missense,94.78339740939731,PASS
2314803,VAR_00673,SNP,T,G,1,True,Missense,68.56259435554338,PASS
2316783,VAR_00674,SNP,T,G,1,True,Nonsense,60.244850637850625,PASS
2320367,VAR_00675,SNP,C,A,1,True,Synonymous,86.27628603338846,PASS
2321743,VAR_00676,Insertion,-,ACGG,4,True,Missense,52.43630399928128,PASS
2325299,VAR_00677,Deletion,A,-,1,True,Missense,68.74830159132301,PASS
2327409,VAR_00678,SNP,T,A,1,True,Synonymous,46.26788404944401,PASS
2327956,VAR_00679,SNP,G,A,1,True,Missense,33.95945153391964,PASS
2339120,VAR_00680,SNP,C,A,1,True,Missense,42.90334400406943,PASS
2339199,VAR_00681,SNP,G,T,1,False,Intergenic,40.56396303274337,PASS
2343683,VAR_00682,SNP,T,G,1,True,Synonymous,42.48376233425744,PASS
2352461,VAR_00683,SNP,C,G,1,True,Synonymous,97.25519798464425,PASS
2352985,VAR_00684,SNP,G,C,1,True,Synonymous,41.08177459999837,PASS
2353184,VAR_00685,SNP,A,G,1,True,Synonymous,35.326385657821376,PASS
2356768,VAR_00686,SNP,C,A,1,False,Intergenic,55.50288312118431,PASS
2357803,VAR_00687,SNP,C,T,1,True,Synonymous,59.175083432212496,PASS
2359450,VAR_00688,SNP,G,C,1,True,Synonymous,71.60302895267404,PASS
2362337,VAR_00689,SNP,C,A,1,True,Synonymous,52.807706942384925,PASS
2370693,VAR_00690,Insertion,-,TC,2,True,Missense,35.90640224313968,PASS
2371375,VAR_00691,SNP,C,T,1,True,Synonymous,39.077033952433,PASS
2374013,VAR_00692,SNP,T,C,1,True,Synonymous,99.62656304095617,PASS
2376195,VAR_00693,Insertion,-,T,1,True,Missense,77.71601254606927,PASS
2376553,VAR_00694,Deletion,TCTT,-,4,True,Synonymous,85.00220639273695,PASS
2391393,VAR_00695,SNP,A,T,1,True,Synonymous,37.404666647243545,PASS
2391455,VAR_00696,SNP,C,G,1,True,Synonymous,57.66406870528322,PASS
2395818,VAR_00697,Insertion,-,AGCA,4,True,Missense,50.722267488775344,PASS
2396496,VAR_00698,Insertion,-,T,1,True,Synonymous,77.65751838846694,PASS
2399422,VAR_00699,SNP,G,T,1,True,Missense,96.54575775974104,PASS
2399623,VAR_00700,SNP,T,G,1,False,Intergenic,57.09101043567789,PASS
2401034,VAR_00701,SNP,C,G,1,True,Synonymous,43.2373171179756,PASS
2407765,VAR_00702,SNP,G,T,1,True,Synonymous,42.743617988238164,PASS
2408432,VAR_00703,SNP,A,G,1,True,Synonymous,87.34423575339869,PASS
2410848,VAR_00704,SNP,G,A,1,True,Nonsense,85.98517849985888,PASS
2415509,VAR_00705,SNP,T,G,1,True,Synonymous,91.10755474360425,PASS
2416765,VAR_00706,SNP,G,A,1,True,Missense,52.33046502874035,PASS
2420854,VAR_00707,SNP,T,G,1,True,Synonymous,94.39847565076644,PASS
2423682,VAR_00708,SNP,G,C,1,True,Synonymous,55.783633308535926,PASS
2424283,VAR_00709,SNP,G,T,1,True,Missense,72.67564607717324,PASS
2429608,VAR_00710,Insertion,-,GT,2,True,Synonymous,45.24545781694498,PASS
2429877,VAR_00711,SNP,C,A,1,True,Synonymous,39.74697420346108,PASS
2430471,VAR_00712,SNP,C,A,1,True,Missense,47.01817058197109,PASS
2431692,VAR_00713,Insertion,-,ATAT,4,True,Synonymous,97.9426281548094,PASS
2433019,VAR_00714,Deletion,CA,-,2,True,Synonymous,75.4210118757394,PASS
2443347,VAR_00715,SNP,T,A,1,True,Missense,47.234408972766616,PASS
2450838,VAR_00716,SNP,G,C,1,True,Missense,97.67801313896132,PASS
2451132,VAR_00717,SNP,C,T,1,False,Intergenic,62.958657850687075,PASS
2451881,VAR_00718,SNP,T,G,1,True,Synonymous,72.59824610438714,PASS
2456109,VAR_00719,SNP,G,C,1,True,Synonymous,60.075750746480026,PASS
2459752,VAR_00720,SNP,G,T,1,True,Synonymous,90.09934644292596,PASS
2461126,VAR_00721,SNP,G,A,1,True,Synonymous,31.8482887813156,PASS
2468023,VAR_00722,SNP,A,T,1,True,Missense,92.77243464975396,PASS
2470673,VAR_00723,SNP,C,G,1,False,Intergenic,54.52674997952775,PASS
2471520,VAR_00724,SNP,T,C,1,True,Synonymous,84.26812815392014,PASS
2481663,VAR_00725,SNP,T,C,1,True,Synonymous,68.28583536448102,PASS
2487690,VAR_00726,SNP,T,G,1,True,Synonymous,47.368161750493,PASS
2491389,VAR_00727,SNP,C,T,1,True,Synonymous,88.58918490924349,PASS
2492237,VAR_00728,SNP,T,A,1,True,Synonymous,90.11331303226615,PASS
2495048,VAR_00729,SNP,A,C,1,True,Missense,65.83669977032847,PASS
2500635,VAR_00730,SNP,G,T,1,False,Intergenic,36.87908309420476,PASS
2503557,VAR_00731,SNP,C,T,1,True,Synonymous,82.52374702397016,PASS
2504903,VAR_00732,SNP,G,A,1,True,Synonymous,37.518268474049506,PASS
2514099,VAR_00733,Insertion,-,AGA,3,True,Synonymous,93.02844604645159,PASS
2524189,VAR_00734,SNP,A,G,1,True,Synonymous,62.727320849398296,PASS
2524442,VAR_00735,SNP,T,C,1,True,Synonymous,83.64177077468608,PASS
2529309,VAR_00736,SNP,C,T,1,True,Missense,35.788647536247005,PASS
2529418,VAR_00737,SNP,G,A,1,True,Synonymous,50.74594054519143,PASS
2534175,VAR_00738,SNP,G,A,1,True,Synonymous,44.01975717501581,PASS
2548567,VAR_00739,SNP,A,G,1,True,Synonymous,49.272383612987255,PASS
2551564,VAR_00740,SNP,T,C,1,True,Synonymous,99.53516292198069,PASS
2553968,VAR_00741,SNP,A,C,1,True,Missense,43.564271151444174,PASS
2554214,VAR_00742,Deletion,G,-,1,True,Synonymous,98.08538894125152,PASS
2556796,VAR_00743,Deletion,A,-,1,True,Nonsense,57.131691989590195,PASS
2557530,VAR_00744,SNP,G,A,1,True,Synonymous,41.02076574897333,PASS
2563784,VAR_00745,SNP,C,G,1,True,Synonymous,39.016573378778226,PASS
2563868,VAR_00746,SNP,C,A,1,True,Synonymous,99.68290853698655,PASS
2565509,VAR_00747,SNP,G,A,1,True,Synonymous,34.64036163540595,PASS
2568331,VAR_00748,Insertion,-,ATA,3,False,Intergenic,54.54870126490641,PASS
2569809,VAR_00749,SNP,G,A,1,True,Synonymous,88.97955535025422,PASS
2572156,VAR_00750,SNP,G,C,1,True,Synonymous,46.21179936458506,PASS
2572342,VAR_00751,SNP,G,C,1,True,Missense,52.45302139501761,PASS
2572711,VAR_00752,SNP,A,T,1,True,Synonymous,75.761111178487,PASS
2574911,VAR_00753,Insertion,-,GAAA,4,True,Synonymous,45.2633802404804,PASS
2576670,VAR_00754,SNP,C,A,1,True,Missense,60.792075364546186,PASS
2577360,VAR_00755,SNP,C,A,1,True,Synonymous,90.99126954485885,PASS
2584494,VAR_00756,SNP,T,C,1,True,Missense,36.0306919214825,PASS
2588752,VAR_00757,Insertion,-,CC,2,True,Synonymous,85.55103026283375,PASS
2595422,VAR_00758,SNP,G,C,1,True,Nonsense,64.56409576468144,PASS
2610780,VAR_00759,SNP,G,A,1,True,Missense,57.45607883838273,PASS
2611232,VAR_00760,SNP,A,T,1,True,Synonymous,72.18673054685428,PASS
2611430,VAR_00761,SNP,T,A,1,True,Synonymous,60.978418786550336,PASS
2612902,VAR_00762,Insertion,-,A,1,True,Synonymous,99.11250210680355,PASS
2620104,VAR_00763,SNP,C,A,1,True,Synonymous,99.68218527424527,PASS
2623690,VAR_00764,Insertion,-,CAA,3,True,Synonymous,30.07288566370423,PASS
2625251,VAR_00765,SNP,C,G,1,True,Missense,92.5211970071916,PASS
2626749,VAR_00766,SNP,T,G,1,True,Missense,50.53139982314873,PASS
2628731,VAR_00767,Deletion,AA,-,2,True,Synonymous,88.43032257872976,PASS
2632706,VAR_00768,SNP,G,T,1,True,Synonymous,98.52936478572836,PASS
2632913,VAR_00769,Deletion,CGCG,-,4,True,Synonymous,60.51822444198409,PASS
2633028,VAR_00770,SNP,A,C,1,True,Missense,59.850298007106105,PASS
2633471,VAR_00771,SNP,G,A,1,True,Synonymous,98.47815981592197,PASS
2634475,VAR_00772,SNP,T,C,1,False,Intergenic,38.1231225209072,PASS
2637888,VAR_00773,Insertion,-,G,1,True,Synonymous,70.133652025389,PASS
2641368,VAR_00774,SNP,T,C,1,True,Missense,36.270442602404636,PASS
2646318,VAR_00775,SNP,T,C,1,True,Synonymous,91.06499205409804,PASS
2647258,VAR_00776,SNP,C,G,1,False,Intergenic,61.506392404806654,PASS
2648234,VAR_00777,Insertion,-,TGGG,4,True,Synonymous,63.8551623931547,PASS
2651492,VAR_00778,Insertion,-,TAG,3,False,Intergenic,41.072361546402576,PASS
2651698,VAR_00779,Insertion,-,A,1,True,Missense,68.01200885152744,PASS
2661567,VAR_00780,SNP,G,C,1,True,Synonymous,44.41455364463255,PASS
2669893,VAR_00781,SNP,C,G,1,True,Synonymous,44.576994416865716,PASS
2675564,VAR_00782,Insertion,-,GGCC,4,True,Synonymous,35.184517275140074,PASS
2676859,VAR_00783,Insertion,-,A,1,True,Synonymous,83.63155973857025,PASS
2677212,VAR_00784,Deletion,T,-,1,True,Synonymous,39.36562806706056,PASS
2677661,VAR_00785,SNP,A,C,1,True,Synonymous,50.886396751101415,PASS
2683582,VAR_00786,SNP,T,C,1,True,Synonymous,61.147199701332376,PASS
2683878,VAR_00787,SNP,A,C,1,True,Synonymous,56.950875907356675,PASS
2685090,VAR_00788,Deletion,CGC,-,3,True,Synonymous,81.48038937154938,PASS
2685530,VAR_00789,Deletion,A,-,1,True,Synonymous,96.05328935891434,PASS
2686467,VAR_00790,SNP,G,A,1,True,Synonymous,75.59477143011105,PASS
2687845,VAR_00791,SNP,C,T,1,True,Synonymous,77.914822257879,PASS
2688792,VAR_00792,SNP,A,C,1,True,Synonymous,64.0718946425038,PASS
2694366,VAR_00793,SNP,C,G,1,True,Synonymous,74.51669435637572,PASS
2699824,VAR_00794,SNP,G,A,1,True,Synonymous,73.89928166995216,PASS
2700364,VAR_00795,SNP,C,G,1,True,Synonymous,68.17345320351802,PASS
2701112,VAR_00796,SNP,G,C,1,True,Missense,46.00337858808868,PASS
2701279,VAR_00797,Insertion,-,TAAA,4,True,Synonymous,95.85050013068725,PASS
2708480,VAR_00798,SNP,C,G,1,True,Synonymous,99.8471861333099,PASS
2709192,VAR_00799,SNP,C,A,1,True,Synonymous,81.03471869128559,PASS
2709965,VAR_00800,Insertion,-,ATGT,4,True,Synonymous,75.88573701421527,PASS
2710130,VAR_00801,SNP,C,A,1,True,Synonymous,75.69529762662123,PASS
2710805,VAR_00802,Deletion,GAG,-,3,True,Missense,85.84985427924693,PASS
2717925,VAR_00803,Insertion,-,GG,2,True,Synonymous,48.005074245144826,PASS
2723035,VAR_00804,SNP,T,A,1,True,Missense,97.1559523264845,PASS
2726493,VAR_00805,SNP,A,T,1,True,Synonymous,95.66771340517893,PASS
2728835,VAR_00806,SNP,G,A,1,False,Intergenic,58.80330776882738,PASS
2729342,VAR_00807,Deletion,TGC,-,3,True,Synonymous,32.5160523479469,PASS
2733128,VAR_00808,SNP,G,T,1,True,Missense,58.64083728746003,PASS
2735741,VAR_00809,SNP,G,T,1,True,Missense,61.37412888580778,PASS
2739181,VAR_00810,SNP,G,A,1,True,Synonymous,47.42715283864318,PASS
2743783,VAR_00811,Insertion,-,GT,2,True,Synonymous,85.01634366416553,PASS
2743913,VAR_00812,SNP,G,T,1,True,Synonymous,69.01249791420273,PASS
2747372,VAR_00813,SNP,A,G,1,True,Missense,40.83210122466195,PASS
2748651,VAR_00814,SNP,G,C,1,True,Synonymous,86.06379560878834,PASS
2750483,VAR_00815,SNP,A,T,1,True,Synonymous,95.4865162402087,PASS
2752678,VAR_00816,SNP,T,A,1,True,Synonymous,35.37319625363724,PASS
2761230,VAR_00817,SNP,T,A,1,True,Synonymous,39.862746296311435,PASS
2774397,VAR_00818,Insertion,-,C,1,True,Synonymous,82.09449287765898,PASS
2777032,VAR_00819,SNP,T,G,1,True,Missense,91.91956831483628,PASS
2779045,VAR_00820,SNP,A,G,1,True,Synonymous,56.233592076680715,PASS
2779343,VAR_00821,SNP,G,T,1,True,Synonymous,96.29371771234148,PASS
2782921,VAR_00822,Deletion,ACC,-,3,False,Intergenic,45.04079611752118,PASS
2791630,VAR_00823,SNP,A,T,1,True,Synonymous,62.62461447348307,PASS
2792347,VAR_00824,Deletion,TT,-,2,True,Synonymous,30.886864267244523,PASS
2793592,VAR_00825,SNP,C,A,1,True,Synonymous,74.49644265286693,PASS
2794088,VAR_00826,Insertion,-,AGCC,4,True,Synonymous,97.37676595604773,PASS
2797607,VAR_00827,Insertion,-,ATG,3,False,Intergenic,70.35527557145994,PASS
2798235,VAR_00828,SNP,A,G,1,True,Synonymous,49.540545498235616,PASS
2799126,VAR_00829,Deletion,ACA,-,3,True,Synonymous,76.79573805295384,PASS
2808062,VAR_00830,SNP,T,A,1,True,Synonymous,89.28319617811434,PASS
2810492,VAR_00831,Deletion,GCC,-,3,True,Nonsense,53.6049225776438,PASS
2816199,VAR_00832,Insertion,-,AGTG,4,True,Missense,41.372691508924376,PASS
2816382,VAR_00833,Insertion,-,GCA,3,True,Synonymous,44.13833679454355,PASS
2824757,VAR_00834,Deletion,ACTA,-,4,True,Synonymous,77.54396335208362,PASS
2830735,VAR_00835,SNP,T,A,1,True,Missense,62.551211208759426,PASS
2831843,VAR_00836,SNP,A,C,1,False,Intergenic,41.05043565818091,PASS
2832648,VAR_00837,SNP,T,G,1,True,Missense,98.7885225462352,PASS
2841603,VAR_00838,SNP,A,G,1,True,Synonymous,31.95325281601331,PASS
2848237,VAR_00839,SNP,T,A,1,True,Missense,60.50927247332875,PASS
2850268,VAR_00840,SNP,T,C,1,True,Synonymous,48.292869978604,PASS
2855196,VAR_00841,SNP,G,T,1,True,Synonymous,54.537290671498184,PASS
2855532,VAR_00842,SNP,G,C,1,True,Nonsense,85.81883712566619,PASS
2856353,VAR_00843,SNP,T,A,1,True,Synonymous,36.79951245347841,PASS
2856764,VAR_00844,SNP,G,C,1,True,Synonymous,51.47106026877746,PASS
2857289,VAR_00845,SNP,C,A,1,True,Missense,84.60153288980848,PASS
2862530,VAR_00846,SNP,T,C,1,True,Synonymous,49.03799026983434,PASS
2863089,VAR_00847,Insertion,-,AC,2,True,Synonymous,85.74427507050608,PASS
2863694,VAR_00848,Insertion,-,T,1,True,Synonymous,76.56861431947435,PASS
2864052,VAR_00849,Deletion,CC,-,2,True,Missense,74.0585528626815,PASS
2866415,VAR_00850,SNP,G,C,1,True,Missense,36.97330049601557,PASS
2867053,VAR_00851,SNP,G,C,1,True,Synonymous,88.7336439636047,PASS
2867554,VAR_00852,SNP,T,G,1,True,Synonymous,99.62243185225381,PASS
2869114,VAR_00853,SNP,G,T,1,True,Missense,56.52919679731234,PASS
2869845,VAR_00854,SNP,G,T,1,True,Synonymous,40.87695879953987,PASS
2870924,VAR_00855,Insertion,-,G,1,True,Missense,60.86037978817053,PASS
2875152,VAR_00856,SNP,C,G,1,True,Synonymous,41.61597767503885,PASS
2876764,VAR_00857,SNP,G,C,1,False,Intergenic,60.938888091663706,PASS
2882517,VAR_00858,SNP,A,G,1,True,Synonymous,45.425831885104216,PASS
2882983,VAR_00859,SNP,A,G,1,True,Missense,51.81872814359237,PASS
2887201,VAR_00860,SNP,T,A,1,True,Synonymous,47.01482876066092,PASS
2887801,VAR_00861,SNP,C,T,1,True,Missense,71.38973206395706,PASS
2889060,VAR_00862,SNP,C,G,1,True,Missense,85.59607559220991,PASS
2890302,VAR_00863,SNP,C,T,1,True,Missense,80.646547602205,PASS
2890990,VAR_00864,Insertion,-,C,1,True,Synonymous,48.99651334447427,PASS
2892448,VAR_00865,SNP,C,T,1,True,Synonymous,37.49293793063387,PASS
2893671,VAR_00866,SNP,G,C,1,True,Synonymous,60.40242098841591,PASS
2900048,VAR_00867,SNP,A,G,1,True,Synonymous,99.61592249118358,PASS
2901241,VAR_00868,Deletion,T,-,1,True,Missense,56.48824862054913,PASS
2905779,VAR_00869,SNP,T,A,1,True,Synonymous,71.16646723926158,PASS
2906679,VAR_00870,SNP,A,G,1,True,Synonymous,64.94552630466475,PASS
2911255,VAR_00871,SNP,G,C,1,True,Missense,33.063682374935,PASS
2913704,VAR_00872,SNP,T,A,1,True,Synonymous,72.40061656404762,PASS
2913949,VAR_00873,SNP,G,A,1,True,Missense,37.13943730344772,PASS
2914881,VAR_00874,SNP,A,C,1,False,Intergenic,67.09214177804415,PASS
2918032,VAR_00875,SNP,T,C,1,False,Intergenic,83.0446867959908,PASS
2918590,VAR_00876,SNP,A,G,1,True,Synonymous,68.12988973854605,PASS
2924018,VAR_00877,SNP,C,A,1,True,Missense,94.10134058237904,PASS
2924913,VAR_00878,SNP,G,T,1,True,Synonymous,41.90025493087438,PASS
2931526,VAR_00879,Insertion,-,AG,2,True,Synonymous,51.733544777099965,PASS
2946871,VAR_00880,SNP,C,A,1,False,Intergenic,65.1946233132785,PASS
2947457,VAR_00881,SNP,T,A,1,True,Missense,46.68908824549614,PASS
2952441,VAR_00882,SNP,C,G,1,True,Synonymous,85.1701695810784,PASS
2953767,VAR_00883,SNP,G,C,1,True,Synonymous,70.56397815432737,PASS
2955299,VAR_00884,SNP,T,G,1,True,Synonymous,63.840534617794596,PASS
2959974,VAR_00885,SNP,G,A,1,True,Synonymous,91.31366887346283,PASS
2969114,VAR_00886,SNP,T,G,1,True,Synonymous,70.6646540836128,PASS
2969200,VAR_00887,SNP,A,C,1,True,Synonymous,53.87641193875359,PASS
2969337,VAR_00888,SNP,A,T,1,True,Nonsense,61.339618211907265,PASS
2971721,VAR_00889,SNP,G,C,1,True,Missense,56.22284165188988,PASS
2974291,VAR_00890,SNP,A,T,1,False,Intergenic,69.04370922723656,PASS
2982672,VAR_00891,SNP,C,A,1,True,Synonymous,48.05753681690899,PASS
2985823,VAR_00892,SNP,G,A,1,True,Missense,77.60861394676027,PASS
2987331,VAR_00893,SNP,A,C,1,False,Intergenic,59.99267773473102,PASS
2987395,VAR_00894,SNP,A,C,1,True,Missense,65.57125750137735,PASS
2989498,VAR_00895,SNP,T,G,1,True,Synonymous,86.49571580781844,PASS
2990118,VAR_00896,SNP,C,A,1,True,Missense,50.863300324224554,PASS
2990246,VAR_00897,SNP,G,T,1,True,Synonymous,40.30630961261688,PASS
2992436,VAR_00898,Deletion,GAGG,-,4,True,Synonymous,97.5276062602813,PASS
2995463,VAR_00899,Insertion,-,G,1,True,Synonymous,76.32198726579158,PASS
2997056,VAR_00900,SNP,T,A,1,True,Synonymous,34.18190847694818,PASS
3000368,VAR_00901,SNP,C,G,1,True,Synonymous,44.67152634092858,PASS
3004978,VAR_00902,SNP,C,T,1,True,Missense,55.15115937474182,PASS
3007890,VAR_00903,SNP,C,A,1,True,Missense,57.121909093012476,PASS
3013122,VAR_00904,SNP,T,G,1,True,Synonymous,67.45009536686476,PASS
3015346,VAR_00905,SNP,C,T,1,True,Synonymous,81.30628300188104,PASS
3017369,VAR_00906,SNP,G,T,1,True,Synonymous,99.99216845336494,PASS
3021873,VAR_00907,Deletion,GAGG,-,4,True,Synonymous,30.788713444252846,PASS
3024712,VAR_00908,SNP,T,C,1,True,Synonymous,90.35742867349944,PASS
3027480,VAR_00909,Insertion,-,TACT,4,False,Intergenic,72.07168941134425,PASS
3034266,VAR_00910,SNP,C,T,1,True,Synonymous,57.92583827997707,PASS
3037857,VAR_00911,SNP,A,G,1,True,Synonymous,32.47132575405449,PASS
3039357,VAR_00912,Deletion,TG,-,2,False,Intergenic,69.32191753125542,PASS
3040757,VAR_00913,SNP,C,T,1,True,Synonymous,93.01394405155631,PASS
3043685,VAR_00914,SNP,G,A,1,True,Synonymous,64.65410812155565,PASS
3044426,VAR_00915,Deletion,T,-,1,True,Missense,55.59513836219081,PASS
3047095,VAR_00916,SNP,A,C,1,True,Synonymous,76.98801722326704,PASS
3048714,VAR_00917,SNP,T,C,1,True,Missense,36.31002907912638,PASS
3053635,VAR_00918,SNP,A,G,1,False,Intergenic,37.412285431688666,PASS
3059629,VAR_00919,SNP,G,C,1,True,Missense,82.03785008825021,PASS
3060752,VAR_00920,SNP,T,A,1,True,Synonymous,78.06016299835747,PASS
3062111,VAR_00921,Deletion,ACCG,-,4,True,Synonymous,45.157392246684495,PASS
3074363,VAR_00922,SNP,T,C,1,True,Synonymous,49.04184168887649,PASS
3075999,VAR_00923,SNP,G,C,1,True,Synonymous,61.70426947143585,PASS
3080814,VAR_00924,Insertion,-,CTGT,4,True,Synonymous,83.69800627579528,PASS
3082252,VAR_00925,Insertion,-,CT,2,True,Synonymous,68.41470460617278,PASS
3082857,VAR_00926,SNP,C,A,1,True,Synonymous,98.61709429828004,PASS
3083487,VAR_00927,Insertion,-,CTCG,4,False,Intergenic,52.33334321181674,PASS
3084011,VAR_00928,SNP,C,A,1,True,Synonymous,86.39369142649302,PASS
3090088,VAR_00929,SNP,C,A,1,True,Synonymous,60.89203886633666,PASS
3093432,VAR_00930,SNP,A,T,1,True,Missense,93.93345022788796,PASS
3100838,VAR_00931,SNP,C,G,1,True,Synonymous,56.67660717491944,PASS
3102638,VAR_00932,SNP,G,A,1,True,Synonymous,64.46534586197807,PASS
3103586,VAR_00933,SNP,G,C,1,True,Synonymous,31.746128621337633,PASS
3104301,VAR_00934,SNP,A,T,1,True,Synonymous,96.52269963402918,PASS
3104603,VAR_00935,SNP,G,A,1,True,Synonymous,94.38621316026516,PASS
3111760,VAR_00936,Insertion,-,CG,2,True,Missense,63.82584168515995,PASS
3120178,VAR_00937,SNP,G,A,1,True,Synonymous,89.87766672876859,PASS
3120276,VAR_00938,SNP,A,T,1,True,Synonymous,66.295106917179,PASS
3128373,VAR_00939,SNP,T,G,1,True,Synonymous,31.331831663349742,PASS
3131036,VAR_00940,SNP,A,T,1,False,Intergenic,63.784559172277575,PASS
3131576,VAR_00941,SNP,T,G,1,True,Synonymous,80.40273624079272,PASS
3133374,VAR_00942,SNP,T,A,1,True,Synonymous,68.23617925167461,PASS
3140838,VAR_00943,SNP,T,A,1,True,Missense,50.143962023030966,PASS
3146308,VAR_00944,SNP,T,C,1,True,Missense,57.244151284016624,PASS
3146795,VAR_00945,Insertion,-,CAG,3,True,Synonymous,84.64234938852478,PASS
3152670,VAR_00946,SNP,T,G,1,True,Missense,52.03818737070275,PASS
3152931,VAR_00947,SNP,G,T,1,True,Missense,67.65586906565079,PASS
3153597,VAR_00948,SNP,A,T,1,True,Synonymous,88.99195727750103,PASS
3160015,VAR_00949,SNP,A,G,1,True,Synonymous,73.24518890644876,PASS
3164065,VAR_00950,SNP,A,C,1,True,Synonymous,72.86833556557878,PASS
3166799,VAR_00951,SNP,A,T,1,True,Synonymous,57.092662903291085,PASS
3167248,VAR_00952,SNP,C,G,1,True,Synonymous,61.37208493201979,PASS
3169393,VAR_00953,SNP,A,C,1,True,Missense,64.55345487521241,PASS
3171918,VAR_00954,SNP,A,G,1,True,Missense,77.10070083634724,PASS
3178905,VAR_00955,Insertion,-,ACGC,4,True,Synonymous,80.18173001632455,PASS
3187566,VAR_00956,Insertion,-,TCG,3,True,Synonymous,71.57791531444617,PASS
3192978,VAR_00957,Deletion,C,-,1,True,Synonymous,41.901640888492636,PASS
3199005,VAR_00958,Deletion,GAGA,-,4,False,Intergenic,48.52082094987904,PASS
3201192,VAR_00959,SNP,C,A,1,True,Missense,45.81802356926374,PASS
3203079,VAR_00960,MNP,CA,AC,2,True,Missense,44.84487537375704,PASS
3208295,VAR_00961,SNP,G,T,1,True,Synonymous,43.03603955285671,PASS
3215837,VAR_00962,Deletion,CGC,-,3,True,Synonymous,51.84129521682583,PASS
3217953,VAR_00963,SNP,A,C,1,True,Missense,51.5235737941849,PASS
3219060,VAR_00964,Insertion,-,AC,2,True,Synonymous,79.73229924445292,PASS
3222868,VAR_00965,Deletion,CCCG,-,4,True,Synonymous,44.975541415749014,PASS
3229072,VAR_00966,SNP,T,G,1,True,Missense,30.294176204103657,PASS
3230803,VAR_00967,Insertion,-,G,1,True,Synonymous,65.36415864293812,PASS
3231099,VAR_00968,Insertion,-,GTAC,4,True,Synonymous,76.81922464844745,PASS
3234827,VAR_00969,SNP,A,T,1,True,Synonymous,57.510499961826454,PASS
3248128,VAR_00970,SNP,G,A,1,True,Synonymous,55.45815711383089,PASS
3250874,VAR_00971,SNP,T,A,1,True,Nonsense,37.39283237662958,PASS
3252032,VAR_00972,SNP,T,C,1,True,Synonymous,83.21596011037167,PASS
3259623,VAR_00973,SNP,G,A,1,True,Missense,50.804388369356204,PASS
3265714,VAR_00974,Insertion,-,GCG,3,True,Synonymous,95.0243733455688,PASS
3273907,VAR_00975,Deletion,G,-,1,True,Synonymous,79.88978503406119,PASS
3274409,VAR_00976,Insertion,-,AG,2,True,Synonymous,48.590841574298786,PASS
3283709,VAR_00977,SNP,T,A,1,True,Synonymous,97.97742087035247,PASS
3289423,VAR_00978,SNP,T,G,1,True,Synonymous,74.37592187889587,PASS
3292348,VAR_00979,Insertion,-,GAA,3,True,Synonymous,72.48247220587527,PASS
3297852,VAR_00980,SNP,G,A,1,True,Synonymous,95.52046668914937,PASS
3300410,VAR_00981,SNP,C,T,1,True,Synonymous,60.319441931749815,PASS
3303646,VAR_00982,SNP,C,G,1,False,Intergenic,57.90015468618701,PASS
3305317,VAR_00983,SNP,T,G,1,True,Synonymous,37.31720909506808,PASS
3305346,VAR_00984,Insertion,-,AA,2,True,Missense,64.61414560751206,PASS
3305826,VAR_00985,SNP,A,T,1,True,Synonymous,41.63675552970881,PASS
3306066,VAR_00986,SNP,A,T,1,True,Synonymous,37.96457376290198,PASS
3310688,VAR_00987,SNP,A,G,1,True,Synonymous,67.90209965281318,PASS
3314512,VAR_00988,SNP,C,A,1,True,Synonymous,33.93713204840456,PASS
3315623,VAR_00989,SNP,C,G,1,True,Missense,59.58310750131125,PASS
3316071,VAR_00990,Insertion,-,CC,2,True,Missense,54.062992549349886,PASS
3316505,VAR_00991,SNP,G,T,1,True,Synonymous,31.589622891046563,PASS
3318334,VAR_00992,Insertion,-,T,1,True,Synonymous,39.57737746160339,PASS
3322206,VAR_00993,Insertion,-,C,1,True,Synonymous,96.55090877217431,PASS
3330517,VAR_00994,SNP,G,C,1,False,Intergenic,70.18325406412845,PASS
3331463,VAR_00995,SNP,A,C,1,True,Missense,87.5538341418397,PASS
3332029,VAR_00996,SNP,G,A,1,True,Synonymous,64.23418479402241,PASS
3336112,VAR_00997,SNP,C,T,1,True,Synonymous,31.83642727126194,PASS
3345273,VAR_00998,SNP,G,A,1,True,Missense,39.24119042736885,PASS
3346924,VAR_00999,Insertion,-,TG,2,True,Synonymous,94.30146611979221,PASS
3349987,VAR_01000,SNP,T,G,1,True,Synonymous,44.58904727989123,PASS
3351454,VAR_01001,SNP,T,G,1,True,Missense,81.21943958861453,PASS
3355683,VAR_01002,SNP,G,T,1,True,Synonymous,50.34838338679096,PASS
3359712,VAR_01003,SNP,C,T,1,True,Synonymous,98.20736805086226,PASS
3361459,VAR_01004,SNP,A,G,1,True,Synonymous,51.38018912012477,PASS
3365010,VAR_01005,SNP,A,T,1,False,Intergenic,56.38976153349728,PASS
3369937,VAR_01006,SNP,T,A,1,True,Synonymous,51.055717218438346,PASS
3370817,VAR_01007,SNP,T,A,1,True,Synonymous,70.17490127778328,PASS
3371483,VAR_01008,SNP,C,G,1,True,Synonymous,66.70211335264135,PASS
3375468,VAR_01009,SNP,G,C,1,False,Intergenic,86.50245972016438,PASS
3376094,VAR_01010,SNP,C,T,1,True,Synonymous,77.8496040817492,PASS
3376181,VAR_01011,Insertion,-,CC,2,False,Intergenic,72.11367621346056,PASS
3378909,VAR_01012,Insertion,-,T,1,True,Synonymous,36.660332891060136,PASS
3381316,VAR_01013,SNP,C,A,1,True,Missense,75.15455975509431,PASS
3383692,VAR_01014,MNP,TA,AT,2,True,Missense,90.7183696930166,PASS
3396099,VAR_01015,SNP,A,G,1,True,Synonymous,37.85968957783109,PASS
3403139,VAR_01016,SNP,C,G,1,True,Synonymous,55.40624070460738,PASS
3404997,VAR_01017,Insertion,-,TG,2,True,Synonymous,65.52615086075423,PASS
3405464,VAR_01018,SNP,A,T,1,True,Missense,61.324560099759246,PASS
3405955,VAR_01019,SNP,C,A,1,True,Missense,31.102684698734652,PASS
3414323,VAR_01020,SNP,C,A,1,True,Missense,77.16790942706524,PASS
3419949,VAR_01021,SNP,G,A,1,True,Synonymous,86.09363181684611,PASS
3421696,VAR_01022,SNP,G,A,1,True,Synonymous,84.69550888523955,PASS
3422304,VAR_01023,SNP,T,C,1,True,Synonymous,68.14385801873559,PASS
3423854,VAR_01024,SNP,C,A,1,True,Synonymous,54.11675053621214,PASS
3428702,VAR_01025,SNP,T,C,1,True,Synonymous,66.16842594295025,PASS
3430102,VAR_01026,SNP,C,A,1,True,Synonymous,68.29711636876965,PASS
3430734,VAR_01027,SNP,G,A,1,True,Synonymous,82.58108523745803,PASS
3435814,VAR_01028,SNP,A,T,1,True,Synonymous,94.7583156938255,PASS
3438009,VAR_01029,Deletion,CGGG,-,4,True,Synonymous,73.23106604914067,PASS
3439082,VAR_01030,SNP,A,C,1,True,Synonymous,95.74107722260054,PASS
3442675,VAR_01031,SNP,A,T,1,True,Synonymous,57.50605436139876,PASS
3442920,VAR_01032,SNP,T,A,1,True,Synonymous,46.934840671097554,PASS
3457843,VAR_01033,SNP,C,A,1,True,Missense,51.867186404802304,PASS
3463510,VAR_01034,Insertion,-,T,1,True,Missense,47.86472295592945,PASS
3464412,VAR_01035,Insertion,-,TCTT,4,True,Missense,70.9102770865123,PASS
3474252,VAR_01036,SNP,C,G,1,False,Intergenic,66.33803032487371,PASS
3474639,VAR_01037,SNP,A,T,1,True,Nonsense,72.92333934543805,PASS
3480412,VAR_01038,SNP,A,T,1,False,Intergenic,64.75484687773539,PASS
3480497,VAR_01039,SNP,A,T,1,True,Synonymous,60.59674686575778,PASS
3483635,VAR_01040,Insertion,-,CTTT,4,True,Synonymous,58.22410033074057,PASS
3485373,VAR_01041,SNP,T,C,1,False,Intergenic,75.77854500453299,PASS
3486800,VAR_01042,SNP,C,T,1,True,Synonymous,41.382866320358914,PASS
3486893,VAR_01043,SNP,C,A,1,True,Synonymous,50.76272590362308,PASS
3491634,VAR_01044,SNP,G,A,1,True,Synonymous,31.099187349486296,PASS
3495258,VAR_01045,SNP,T,C,1,True,Synonymous,40.266704824387375,PASS
3496005,VAR_01046,SNP,C,A,1,True,Missense,42.88371738255381,PASS
3497995,VAR_01047,SNP,T,C,1,True,Synonymous,56.17795986745626,PASS
3498492,VAR_01048,SNP,T,G,1,True,Missense,76.58193454582539,PASS
3505566,VAR_01049,SNP,C,A,1,True,Synonymous,37.19962769142822,PASS
3508141,VAR_01050,SNP,G,T,1,True,Synonymous,64.8523275950939,PASS
3508727,VAR_01051,Insertion,-,GGC,3,False,Intergenic,37.27511179386488,PASS
3508955,VAR_01052,SNP,T,A,1,True,Synonymous,70.05521913362286,PASS
3517676,VAR_01053,SNP,C,G,1,True,Synonymous,95.39722459603749,PASS
3522673,VAR_01054,SNP,G,C,1,True,Synonymous,63.970715181999154,PASS
3524306,VAR_01055,Insertion,-,ACA,3,False,Intergenic,98.28556199051826,PASS
3530385,VAR_01056,SNP,T,C,1,True,Missense,35.648150727823655,PASS
3539952,VAR_01057,SNP,A,C,1,True,Missense,76.55573785577559,PASS
3541686,VAR_01058,MNP,AGG,TAC,3,True,Synonymous,64.25901128230012,PASS
3546716,VAR_01059,SNP,G,C,1,True,Missense,45.490927622546714,PASS
3550583,VAR_01060,SNP,C,G,1,False,Intergenic,48.11682853276855,PASS
3551376,VAR_01061,SNP,T,A,1,False,Intergenic,44.280139144891564,PASS
3552330,VAR_01062,Insertion,-,TTC,3,True,Synonymous,94.3140321457599,PASS
3555164,VAR_01063,SNP,A,G,1,True,Synonymous,90.98935246260511,PASS
3557386,VAR_01064,SNP,C,T,1,False,Intergenic,74.9275088476147,PASS
3566225,VAR_01065,SNP,A,C,1,True,Synonymous,60.085194977953755,PASS
3572478,VAR_01066,Insertion,-,GAGG,4,True,Missense,84.5043780434391,PASS
3574012,VAR_01067,Insertion,-,TCT,3,True,Synonymous,49.73661918576981,PASS
3576206,VAR_01068,Insertion,-,TACA,4,True,Synonymous,33.963590487195674,PASS
3587651,VAR_01069,SNP,A,G,1,True,Synonymous,79.54445130218198,PASS
3596633,VAR_01070,SNP,A,C,1,False,Intergenic,91.44972976909753,PASS
3597084,VAR_01071,Deletion,TGT,-,3,True,Synonymous,98.46421734119942,PASS
3599148,VAR_01072,Deletion,T,-,1,True,Synonymous,92.22501103147681,PASS
3600388,VAR_01073,MNP,TG,GT,2,True,Synonymous,47.27518329015999,PASS
3607855,VAR_01074,SNP,G,A,1,True,Synonymous,47.237899843417125,PASS
3612930,VAR_01075,SNP,G,A,1,True,Synonymous,37.48593924264805,PASS
3621047,VAR_01076,SNP,G,C,1,True,Synonymous,34.783424744929846,PASS
3622370,VAR_01077,SNP,T,G,1,True,Missense,69.63420324333936,PASS
3629050,VAR_01078,SNP,T,A,1,True,Missense,75.3277227109113,PASS
3630094,VAR_01079,SNP,G,C,1,True,Synonymous,54.510666362324926,PASS
3634448,VAR_01080,SNP,T,A,1,True,Missense,79.05686137186855,PASS
3636297,VAR_01081,SNP,T,G,1,False,Intergenic,41.88529282373179,PASS
3636508,VAR_01082,Insertion,-,CC,2,True,Missense,66.65508649252389,PASS
3638253,VAR_01083,SNP,C,G,1,True,Missense,69.68496343041446,PASS
3641674,VAR_01084,Deletion,CA,-,2,True,Missense,38.375085505052226,PASS
3641924,VAR_01085,Deletion,GAAA,-,4,True,Missense,97.97997342007625,PASS
3642759,VAR_01086,Deletion,ACT,-,3,True,Missense,87.61549063978205,PASS
3645617,VAR_01087,SNP,G,T,1,True,Missense,31.51167747662456,PASS
3646863,VAR_01088,SNP,G,A,1,True,Missense,52.201293325530514,PASS
3648399,VAR_01089,SNP,A,C,1,True,Missense,63.057092842303305,PASS
3651927,VAR_01090,Insertion,-,GG,2,True,Synonymous,79.4225079665743,PASS
3654164,VAR_01091,SNP,A,T,1,True,Synonymous,88.06850254144439,PASS
3659201,VAR_01092,SNP,G,T,1,True,Synonymous,88.42245569409158,PASS
3659860,VAR_01093,Deletion,CG,-,2,True,Synonymous,92.34159661431755,PASS
3660703,VAR_01094,Insertion,-,AAC,3,True,Synonymous,43.131482283738066,PASS
3665301,VAR_01095,SNP,C,T,1,True,Synonymous,42.669709762187274,PASS
3670285,VAR_01096,SNP,G,A,1,True,Synonymous,64.50356511123395,PASS
3677278,VAR_01097,Insertion,-,G,1,True,Synonymous,69.60933375616682,PASS
3677573,VAR_01098,SNP,G,A,1,True,Synonymous,88.484118165076,PASS
3683442,VAR_01099,SNP,C,A,1,True,Synonymous,95.02979233313356,PASS
3683716,VAR_01100,Deletion,GAGG,-,4,True,Synonymous,70.56831955525962,PASS
3685097,VAR_01101,SNP,C,G,1,True,Nonsense,56.166860588111696,PASS
3685669,VAR_01102,SNP,G,A,1,True,Synonymous,33.454753013870715,PASS
3689824,VAR_01103,SNP,G,C,1,True,Synonymous,68.89247703539209,PASS
3702504,VAR_01104,SNP,G,A,1,True,Synonymous,87.15509120673191,PASS
3712072,VAR_01105,SNP,T,C,1,True,Synonymous,72.81927976726575,PASS
3713127,VAR_01106,SNP,T,C,1,True,Synonymous,66.93754457732074,PASS
3720984,VAR_01107,Insertion,-,CCCG,4,True,Missense,41.45176878686367,PASS
3730289,VAR_01108,Insertion,-,AGG,3,True,Synonymous,33.55995005877749,PASS
3731412,VAR_01109,SNP,A,T,1,True,Synonymous,82.49714229520234,PASS
3733756,VAR_01110,SNP,A,G,1,True,Synonymous,88.55560761068806,PASS
3742079,VAR_01111,SNP,T,A,1,True,Synonymous,83.67303440573906,PASS
3743594,VAR_01112,SNP,G,A,1,True,Synonymous,41.222374096670485,PASS
3746293,VAR_01113,SNP,A,T,1,True,Synonymous,87.95711493300206,PASS
3747028,VAR_01114,SNP,T,A,1,False,Intergenic,74.75099862498234,PASS
3748621,VAR_01115,Insertion,-,GGGA,4,False,Intergenic,30.99349185189008,PASS
3748885,VAR_01116,SNP,T,C,1,True,Nonsense,85.45473140421004,PASS
3752389,VAR_01117,SNP,C,G,1,False,Intergenic,73.96219416352514,PASS
3757198,VAR_01118,SNP,C,G,1,True,Synonymous,43.674767571111055,PASS
3757907,VAR_01119,SNP,C,T,1,True,Synonymous,77.1110813177429,PASS
3758519,VAR_01120,SNP,C,G,1,True,Synonymous,50.56296570606758,PASS
3770200,VAR_01121,Insertion,-,CC,2,True,Synonymous,40.33944980956625,PASS
3770408,VAR_01122,Deletion,G,-,1,True,Missense,44.04780737822659,PASS
3771945,VAR_01123,Insertion,-,CG,2,True,Synonymous,69.72919799916626,PASS
3772399,VAR_01124,Insertion,-,C,1,True,Synonymous,63.2952620776967,PASS
3783748,VAR_01125,SNP,G,C,1,True,Synonymous,87.20782049881764,PASS
3786547,VAR_01126,SNP,T,C,1,True,Synonymous,89.44486516028178,PASS
3791780,VAR_01127,Insertion,-,AAAA,4,True,Synonymous,55.22866877123262,PASS
3793243,VAR_01128,SNP,G,C,1,True,Synonymous,57.29581528987862,PASS
3796457,VAR_01129,Insertion,-,GA,2,True,Synonymous,95.95427310503142,PASS
3796871,VAR_01130,SNP,C,A,1,True,Synonymous,86.60574144655845,PASS
3797205,VAR_01131,SNP,T,G,1,True,Missense,58.25816611506563,PASS
3798245,VAR_01132,Insertion,-,TGC,3,True,Missense,85.70673487019334,PASS
3805541,VAR_01133,SNP,G,A,1,True,Synonymous,90.26685572326913,PASS
3805593,VAR_01134,SNP,C,T,1,True,Synonymous,98.62338785672678,PASS
3816144,VAR_01135,SNP,T,A,1,True,Missense,97.39030439503256,PASS
3817019,VAR_01136,Deletion,AGG,-,3,True,Synonymous,71.70861445793602,PASS
3817967,VAR_01137,Insertion,-,ATAT,4,True,Synonymous,40.64656250261471,PASS
3825467,VAR_01138,SNP,G,A,1,True,Synonymous,91.78625924801287,PASS
3833794,VAR_01139,SNP,T,G,1,True,Synonymous,34.41057099206009,PASS
3835141,VAR_01140,MNP,GCC,AGA,3,False,Intergenic,49.35603404499912,PASS
3841962,VAR_01141,Insertion,-,CCGT,4,True,Synonymous,69.27349804307374,PASS
3845433,VAR_01142,SNP,A,C,1,True,Synonymous,82.2574867976472,PASS
3854407,VAR_01143,Insertion,-,C,1,False,Intergenic,79.10628181835014,PASS
3856091,VAR_01144,SNP,A,T,1,True,Synonymous,78.10586147702917,PASS
3856599,VAR_01145,SNP,T,C,1,True,Synonymous,84.56861451263948,PASS
3856872,VAR_01146,SNP,T,C,1,True,Synonymous,44.51715289740444,PASS
3866127,VAR_01147,SNP,A,G,1,False,Intergenic,71.30027349065408,PASS
3869412,VAR_01148,SNP,G,A,1,True,Synonymous,57.258679127730716,PASS
3871517,VAR_01149,Deletion,AA,-,2,True,Nonsense,97.80690014614103,PASS
3873212,VAR_01150,SNP,C,G,1,True,Missense,66.5761659864143,PASS
3873369,VAR_01151,SNP,G,C,1,True,Synonymous,87.33815817883603,PASS
3876698,VAR_01152,SNP,A,G,1,False,Intergenic,88.02506802042252,PASS
3879450,VAR_01153,Insertion,-,C,1,True,Missense,96.30878266043504,PASS
3888320,VAR_01154,Deletion,ATG,-,3,True,Synonymous,78.31069841872878,PASS
3890194,VAR_01155,Deletion,TCG,-,3,True,Synonymous,56.93670892080409,PASS
3893333,VAR_01156,SNP,A,G,1,False,Intergenic,36.047214342121286,PASS
3908604,VAR_01157,Insertion,-,C,1,True,Synonymous,41.613722032253136,PASS
3912606,VAR_01158,Insertion,-,GC,2,True,Synonymous,48.80330121305872,PASS
3913305,VAR_01159,SNP,G,C,1,True,Missense,68.38376560985859,PASS
3913744,VAR_01160,Insertion,-,TAA,3,True,Synonymous,30.749792044524423,PASS
3915274,VAR_01161,SNP,C,A,1,True,Synonymous,56.14327593087056,PASS
3915637,VAR_01162,SNP,T,G,1,False,Intergenic,44.8865635675607,PASS
3916475,VAR_01163,SNP,C,G,1,False,Intergenic,79.29509778012313,PASS
3918596,VAR_01164,SNP,G,C,1,True,Synonymous,55.27098090573137,PASS
3922666,VAR_01165,SNP,T,A,1,True,Synonymous,42.45350922643665,PASS
3928669,VAR_01166,SNP,A,C,1,True,Synonymous,40.66246726789319,PASS
3930386,VAR_01167,SNP,T,G,1,True,Synonymous,69.94162708651844,PASS
3937842,VAR_01168,SNP,A,G,1,True,Synonymous,98.77223918936164,PASS
3939627,VAR_01169,SNP,T,C,1,True,Missense,37.72977713638103,PASS
3942857,VAR_01170,SNP,G,T,1,True,Missense,81.00893947811392,PASS
3942944,VAR_01171,SNP,G,C,1,False,Intergenic,85.62457803984381,PASS
3943876,VAR_01172,Deletion,C,-,1,True,Synonymous,53.864896323375234,PASS
3947764,VAR_01173,SNP,G,C,1,True,Synonymous,98.26517354920577,PASS
3956201,VAR_01174,Insertion,-,GCT,3,True,Missense,69.5175199336753,PASS
3957198,VAR_01175,SNP,G,T,1,True,Synonymous,47.51206564438744,PASS
3960735,VAR_01176,SNP,A,G,1,True,Synonymous,72.4364454343189,PASS
3961358,VAR_01177,SNP,C,A,1,True,Synonymous,34.33749731394024,PASS
3962388,VAR_01178,SNP,C,G,1,True,Missense,84.78889088730816,PASS
3963124,VAR_01179,SNP,G,T,1,False,Intergenic,51.90973027355177,PASS
3963164,VAR_01180,SNP,C,T,1,True,Nonsense,93.14536530791969,PASS
3964261,VAR_01181,SNP,A,G,1,True,Synonymous,71.7305876448212,PASS
3964678,VAR_01182,Insertion,-,GA,2,True,Synonymous,41.90057173558843,PASS
3974842,VAR_01183,SNP,T,G,1,True,Synonymous,51.607295548252964,PASS
3976019,VAR_01184,SNP,G,C,1,True,Synonymous,40.12206856234876,PASS
3976828,VAR_01185,SNP,C,A,1,True,Synonymous,31.212222630943497,PASS
3993509,VAR_01186,SNP,A,G,1,True,Synonymous,69.62112230048828,PASS
3994870,VAR_01187,SNP,A,T,1,True,Synonymous,85.36169625744577,PASS
3995831,VAR_01188,SNP,T,G,1,True,Synonymous,81.70793976399567,PASS
3997720,VAR_01189,Insertion,-,T,1,True,Missense,87.14739071212358,PASS
3999578,VAR_01190,Insertion,-,GTCT,4,True,Synonymous,49.71480470871533,PASS
4007221,VAR_01191,Deletion,T,-,1,True,Synonymous,79.14259767414944,PASS
4013531,VAR_01192,Deletion,CTG,-,3,True,Nonsense,64.42324902601601,PASS
4021338,VAR_01193,Deletion,T,-,1,True,Synonymous,43.66625507368359,PASS
4022456,VAR_01194,Insertion,-,CGC,3,False,Intergenic,95.49559427416254,PASS
4024509,VAR_01195,Insertion,-,GGGG,4,True,Synonymous,57.05351057247882,PASS
4031660,VAR_01196,Insertion,-,A,1,True,Synonymous,87.85330083483277,PASS
4036262,VAR_01197,SNP,A,G,1,True,Synonymous,65.27257212624477,PASS
4038172,VAR_01198,SNP,A,G,1,True,Synonymous,65.16797669511466,PASS
4039594,VAR_01199,Insertion,-,G,1,True,Synonymous,46.096345181393524,PASS
4039803,VAR_01200,SNP,G,A,1,True,Synonymous,98.64317731681096,PASS
4047193,VAR_01201,Insertion,-,AGCC,4,True,Synonymous,36.450587491497544,PASS
4056775,VAR_01202,SNP,G,T,1,True,Missense,36.24051946797629,PASS
4058527,VAR_01203,SNP,C,G,1,True,Missense,31.9981777124137,PASS
4058768,VAR_01204,Insertion,-,CC,2,False,Intergenic,62.87536201722022,PASS
4059204,VAR_01205,SNP,G,T,1,False,Intergenic,51.73396318547478,PASS
4059761,VAR_01206,SNP,T,C,1,True,Synonymous,84.1363150156032,PASS
4059772,VAR_01207,Deletion,CTAA,-,4,True,Synonymous,49.160314710302245,PASS
4066341,VAR_01208,SNP,G,T,1,True,Synonymous,62.23519559971711,PASS
4067496,VAR_01209,SNP,A,G,1,True,Synonymous,46.9393367120776,PASS
4071468,VAR_01210,SNP,C,G,1,True,Synonymous,67.00419656335887,PASS
4076613,VAR_01211,SNP,T,G,1,True,Synonymous,50.263485045938864,PASS
4079965,VAR_01212,SNP,G,A,1,True,Synonymous,78.26715886761838,PASS
4084501,VAR_01213,Deletion,GAT,-,3,True,Synonymous,45.23771659449106,PASS
4085179,VAR_01214,SNP,G,T,1,True,Synonymous,55.00815062748045,PASS
4086237,VAR_01215,SNP,T,C,1,True,Synonymous,32.159723810918315,PASS
4092083,VAR_01216,SNP,G,C,1,True,Synonymous,83.50782575229913,PASS
4093968,VAR_01217,Insertion,-,GC,2,True,Synonymous,37.09921763019408,PASS
4095199,VAR_01218,SNP,G,C,1,False,Intergenic,96.38361009022509,PASS
4095211,VAR_01219,Insertion,-,G,1,True,Synonymous,69.92453115988806,PASS
4095586,VAR_01220,SNP,A,T,1,True,Synonymous,36.93611207219549,PASS
4096823,VAR_01221,SNP,G,A,1,True,Synonymous,78.24534323028399,PASS
4102289,VAR_01222,SNP,T,G,1,True,Synonymous,45.77110810060151,PASS
4102735,VAR_01223,SNP,T,A,1,True,Synonymous,88.87151034547054,PASS
4104819,VAR_01224,Insertion,-,CC,2,True,Synonymous,87.1391931627355,PASS
4108084,VAR_01225,Insertion,-,CCA,3,True,Synonymous,94.93867361975686,PASS
4108602,VAR_01226,Deletion,GTG,-,3,True,Synonymous,98.70436391964517,PASS
4116677,VAR_01227,SNP,T,C,1,True,Synonymous,47.73284474526199,PASS
4119272,VAR_01228,SNP,T,A,1,True,Synonymous,38.138816472129186,PASS
4132070,VAR_01229,SNP,G,C,1,True,Synonymous,50.83958343042559,PASS
4140788,VAR_01230,SNP,T,G,1,True,Missense,75.86657839359529,PASS
4143897,VAR_01231,Deletion,GTC,-,3,True,Synonymous,91.11489927200063,PASS
4145051,VAR_01232,SNP,C,A,1,False,Intergenic,82.11510301567186,PASS
4148935,VAR_01233,SNP,C,G,1,True,Synonymous,57.706718768013275,PASS
4152792,VAR_01234,SNP,G,C,1,True,Synonymous,63.068916454874376,PASS
4154505,VAR_01235,SNP,C,G,1,True,Synonymous,30.162633063034956,PASS
4156220,VAR_01236,SNP,A,C,1,True,Synonymous,42.52255426875267,PASS
4158015,VAR_01237,Insertion,-,ATGT,4,True,Synonymous,50.933233637901864,PASS
4161837,VAR_01238,SNP,T,C,1,True,Synonymous,59.82219774093906,PASS
4170278,VAR_01239,SNP,A,C,1,True,Synonymous,93.72072363904459,PASS
4170534,VAR_01240,SNP,C,G,1,True,Synonymous,32.45493829500753,PASS
4170717,VAR_01241,SNP,A,G,1,True,Synonymous,39.45136308211241,PASS
4174619,VAR_01242,Deletion,G,-,1,True,Missense,40.27833105027338,PASS
4181621,VAR_01243,SNP,T,G,1,True,Missense,86.27237181974624,PASS
4182630,VAR_01244,Deletion,G,-,1,True,Synonymous,63.369912097585676,PASS
4186432,VAR_01245,Deletion,T,-,1,False,Intergenic,90.02330809409892,PASS
4188846,VAR_01246,Deletion,AAC,-,3,True,Synonymous,55.35121825176674,PASS
4191035,VAR_01247,SNP,T,A,1,True,Synonymous,59.93841801272776,PASS
4203094,VAR_01248,SNP,G,C,1,True,Synonymous,30.097841032229258,PASS
4212081,VAR_01249,SNP,C,A,1,True,Synonymous,42.71587300516678,PASS
4214844,VAR_01250,SNP,C,G,1,False,Intergenic,74.49616932710535,PASS
4216882,VAR_01251,SNP,A,T,1,False,Intergenic,40.466445885107944,PASS
4220794,VAR_01252,SNP,G,A,1,True,Synonymous,30.970821325581703,PASS
4226569,VAR_01253,SNP,A,C,1,True,Missense,48.49297750786395,PASS
4230827,VAR_01254,SNP,T,A,1,True,Synonymous,34.28138734030301,PASS
4233891,VAR_01255,SNP,G,A,1,True,Synonymous,75.5914726101719,PASS
4237437,VAR_01256,Insertion,-,CAC,3,False,Intergenic,31.625193702120725,PASS
4241200,VAR_01257,SNP,T,C,1,True,Synonymous,72.02131415604609,PASS
4249877,VAR_01258,Insertion,-,CTG,3,True,Synonymous,61.81866967883931,PASS
4250516,VAR_01259,Insertion,-,CAA,3,False,Intergenic,75.81149533446627,PASS
4254301,VAR_01260,Insertion,-,T,1,True,Missense,48.58941340735771,PASS
4254877,VAR_01261,SNP,A,C,1,True,Synonymous,99.58175536115434,PASS
4268836,VAR_01262,SNP,C,A,1,True,Nonsense,91.04957497063533,PASS
4270161,VAR_01263,Deletion,GGG,-,3,True,Synonymous,66.58570427530967,PASS
4278509,VAR_01264,SNP,A,C,1,True,Synonymous,35.85518802007059,PASS
4279237,VAR_01265,SNP,C,A,1,True,Synonymous,53.69944205056589,PASS
4279273,VAR_01266,SNP,G,C,1,True,Synonymous,67.62461760659667,PASS
4285311,VAR_01267,Insertion,-,CG,2,True,Synonymous,82.95321901288526,PASS
4289380,VAR_01268,SNP,C,T,1,True,Synonymous,58.96085266837645,PASS
4294312,VAR_01269,SNP,A,C,1,False,Intergenic,95.37745049874236,PASS
4295391,VAR_01270,SNP,C,G,1,True,Synonymous,42.89626738983537,PASS
4304224,VAR_01271,SNP,G,C,1,True,Synonymous,63.362291259321545,PASS
4305004,VAR_01272,SNP,G,C,1,True,Synonymous,68.27411766601139,PASS
4319958,VAR_01273,SNP,C,T,1,True,Synonymous,39.41122792890923,PASS
4325617,VAR_01274,Deletion,CA,-,2,True,Synonymous,49.55671338631709,PASS
4328051,VAR_01275,SNP,C,G,1,False,Intergenic,40.44093074420251,PASS
4328410,VAR_01276,SNP,C,A,1,True,Synonymous,53.1514907394117,PASS
4330173,VAR_01277,Deletion,ACAC,-,4,True,Synonymous,97.15390904276916,PASS
4330451,VAR_01278,Deletion,GGG,-,3,True,Missense,73.41181527946733,PASS
4331698,VAR_01279,SNP,A,G,1,False,Intergenic,79.22950546883877,PASS
4337614,VAR_01280,Insertion,-,CAAT,4,True,Synonymous,84.03328897050402,PASS
4341060,VAR_01281,SNP,G,A,1,True,Synonymous,86.8991487611269,PASS
4341170,VAR_01282,SNP,G,T,1,True,Missense,55.44659086468811,PASS
4342761,VAR_01283,Insertion,-,ACC,3,True,Synonymous,71.82334184125999,PASS
4349303,VAR_01284,Insertion,-,ACC,3,True,Synonymous,75.58126464652045,PASS
4349790,VAR_01285,SNP,C,G,1,True,Missense,64.37543474863514,PASS
4367280,VAR_01286,SNP,T,G,1,True,Missense,84.41051433052127,PASS
4375217,VAR_01287,SNP,C,A,1,True,Synonymous,51.61091099903754,PASS
4375474,VAR_01288,Insertion,-,GG,2,True,Synonymous,52.44840359517774,PASS
4377055,VAR_01289,Insertion,-,ATCT,4,True,Synonymous,50.47924312684383,PASS
4377750,VAR_01290,Insertion,-,AGG,3,True,Synonymous,73.66994944179547,PASS
4380693,VAR_01291,Insertion,-,A,1,True,Synonymous,37.25213551502594,PASS
4388042,VAR_01292,Deletion,CGTC,-,4,True,Missense,56.264481378372004,PASS
4396111,VAR_01293,SNP,A,C,1,True,Synonymous,46.64549940000827,PASS
4401687,VAR_01294,SNP,T,A,1,True,Synonymous,35.57698422931149,PASS
4402399,VAR_01295,SNP,C,A,1,True,Synonymous,47.06698604412438,PASS
4403232,VAR_01296,SNP,C,G,1,True,Synonymous,67.88882235426533,PASS
4403411,VAR_01297,SNP,A,T,1,True,Missense,75.57454770683069,PASS
4404987,VAR_01298,SNP,G,C,1,True,Synonymous,74.11705942879001,PASS
4406001,VAR_01299,SNP,A,T,1,True,Synonymous,56.66179474613987,PASS
4407163,VAR_01300,SNP,G,C,1,True,Synonymous,86.34517732093713,PASS
4407973,VAR_01301,SNP,A,G,1,True,Synonymous,98.52566669822673,PASS
4409124,VAR_01302,SNP,T,A,1,True,Synonymous,54.46565127273008,PASS
